HR,pF,Time
79,286.800018310547,554846411.313869
79,286.800018310547,554846411.331161
79,286.700012207031,554846411.361273
79,286.700012207031,554846411.391194
79,286.600006103516,554846411.421207
79,286.5,554846411.451186
79,286.399993896484,554846411.481279
79,286.300018310547,554846411.511398
79,286.300018310547,554846411.541190
79,286.399993896484,554846411.571377
79,286.399993896484,554846411.601278
79,286.399993896484,554846411.631411
79,286.300018310547,554846411.661218
79,286.300018310547,554846411.691400
79,286.399993896484,554846411.721379
79,286.399993896484,554846411.751127
79,286.399993896484,554846411.781071
79,286.399993896484,554846411.811432
79,286.399993896484,554846411.841380
79,286.5,554846411.871141
79,286.399993896484,554846411.901150
80,286.300018310547,554846411.931194
80,286.300018310547,554846411.961257
80,286.399993896484,554846411.991264
80,286.600006103516,554846412.021139
80,286.5,554846412.051314
80,286.5,554846412.081287
80,286.5,554846412.111318
80,286.5,554846412.141397
80,286.5,554846412.171437
80,286.399993896484,554846412.201318
80,286.399993896484,554846412.231402
80,286.399993896484,554846412.261392
80,286.399993896484,554846412.291354
80,286.300018310547,554846412.321355
80,286.300018310547,554846412.351282
80,286.399993896484,554846412.381354
80,286.600006103516,554846412.411144
80,286.5,554846412.441367
80,286.600006103516,554846412.471289
80,286.600006103516,554846412.501318
80,286.600006103516,554846412.531385
80,286.5,554846412.561293
80,286.5,554846412.591305
80,286.700012207031,554846412.621136
80,286.800018310547,554846412.651179
80,286.800018310547,554846412.681376
80,287.399993896484,554846412.711364
80,287.399993896484,554846412.741372
80,287.800018310547,554846412.771306
80,287.800018310547,554846412.801357
80,287.800018310547,554846412.831362
80,288.0,554846412.861242
80,288.100006103516,554846412.891333
80,288.200012207031,554846412.921254
80,288.200012207031,554846412.951286
80,288.5,554846412.981334
80,288.700012207031,554846413.011281
80,288.800018310547,554846413.041690
80,288.899993896484,554846413.071379
80,289.200012207031,554846413.101365
80,289.5,554846413.131279
80,289.800018310547,554846413.161358
80,289.899993896484,554846413.191378
80,290.100006103516,554846413.221333
80,290.200012207031,554846413.251019
80,290.700012207031,554846413.281353
80,290.899993896484,554846413.311353
80,291.5,554846413.341350
80,291.700012207031,554846413.371352
80,291.899993896484,554846413.401301
80,292.200012207031,554846413.431273
80,292.399993896484,554846413.461339
80,293.100006103516,554846413.491252
80,293.399993896484,554846413.521268
80,293.399993896484,554846413.551291
80,293.700012207031,554846413.581323
80,294.5,554846413.610842
80,294.5,554846413.641348
80,294.899993896484,554846413.671288
80,295.100006103516,554846413.701321
80,295.5,554846413.731340
80,295.600006103516,554846413.761343
80,295.600006103516,554846413.791274
80,295.600006103516,554846413.821276
80,295.5,554846413.852185
80,295.300018310547,554846413.881272
80,295.300018310547,554846413.911334
80,295.300018310547,554846413.941278
80,295.399993896484,554846413.971273
80,295.300018310547,554846414.001082
80,295.100006103516,554846414.031036
80,295.0,554846414.061264
80,295.100006103516,554846414.091336
80,295.100006103516,554846414.121366
80,295.100006103516,554846414.151132
80,295.100006103516,554846414.181112
80,295.100006103516,554846414.210805
80,295.0,554846414.241339
80,295.0,554846414.271318
80,294.899993896484,554846414.301249
80,294.700012207031,554846414.331113
80,294.5,554846414.361060
80,294.5,554846414.391255
80,294.399993896484,554846414.421245
80,294.399993896484,554846414.451252
80,294.300018310547,554846414.481317
80,294.200012207031,554846414.511225
80,293.899993896484,554846414.541337
80,293.800018310547,554846414.571301
80,293.600006103516,554846414.601206
80,293.5,554846414.631248
80,293.5,554846414.661235
80,293.399993896484,554846414.691222
80,293.300018310547,554846414.721320
80,293.200012207031,554846414.751316
80,293.0,554846414.780845
80,293.0,554846414.811303
80,293.0,554846414.841311
80,292.899993896484,554846414.871207
80,292.899993896484,554846414.901233
79,292.800018310547,554846414.931316
79,292.700012207031,554846414.961238
79,292.600006103516,554846414.991238
79,292.399993896484,554846415.021232
79,292.399993896484,554846415.051265
79,292.200012207031,554846415.081197
79,292.200012207031,554846415.111293
79,292.100006103516,554846415.140970
79,292.0,554846415.171229
79,292.0,554846415.201303
79,292.0,554846415.231218
79,291.899993896484,554846415.261322
79,291.800018310547,554846415.291275
79,291.800018310547,554846415.321293
79,291.800018310547,554846415.351283
79,291.300018310547,554846415.381289
79,291.300018310547,554846415.411219
79,291.300018310547,554846415.441225
79,291.200012207031,554846415.471311
79,291.100006103516,554846415.501222
79,290.700012207031,554846415.531269
79,290.700012207031,554846415.561224
79,290.600006103516,554846415.591302
79,290.600006103516,554846415.621213
79,290.5,554846415.651187
79,290.200012207031,554846415.681265
79,290.100006103516,554846415.711247
79,290.100006103516,554846415.741264
79,289.899993896484,554846415.771251
79,290.0,554846415.801242
79,289.700012207031,554846415.831298
79,289.800018310547,554846415.861269
79,289.600006103516,554846415.891196
79,289.800018310547,554846415.913677
79,289.800018310547,554846415.951268
79,289.800018310547,554846415.988841
79,289.800018310547,554846416.026200
79,289.5,554846416.063786
79,289.399993896484,554846416.100767
79,289.399993896484,554846416.138538
79,289.300018310547,554846416.176270
79,289.200012207031,554846416.213741
79,289.200012207031,554846416.251230
79,289.100006103516,554846416.288859
79,288.800018310547,554846416.326239
79,288.5,554846416.363760
79,288.5,554846416.400794
79,288.5,554846416.438691
79,288.5,554846416.476175
79,288.5,554846416.513745
79,288.5,554846416.551248
79,288.399993896484,554846416.588527
79,288.200012207031,554846416.626297
79,288.300018310547,554846416.663682
79,288.300018310547,554846416.701165
79,288.300018310547,554846416.738719
79,288.5,554846416.776167
79,288.300018310547,554846416.813667
79,288.200012207031,554846416.851227
79,288.200012207031,554846416.888754
78,288.300018310547,554846416.926183
78,288.300018310547,554846416.963516
78,288.300018310547,554846417.001060
78,288.300018310547,554846417.038875
78,288.300018310547,554846417.076298
78,288.200012207031,554846417.113870
78,288.200012207031,554846417.151137
78,288.100006103516,554846417.188864
78,288.0,554846417.226362
78,287.899993896484,554846417.263856
78,287.899993896484,554846417.301598
78,287.899993896484,554846417.338358
78,287.899993896484,554846417.376312
78,287.899993896484,554846417.413828
78,288.0,554846417.451273
78,288.0,554846417.488844
78,287.800018310547,554846417.526306
78,287.800018310547,554846417.563860
78,287.800018310547,554846417.601109
78,287.700012207031,554846417.638853
78,287.700012207031,554846417.676359
78,287.700012207031,554846417.713846
78,287.800018310547,554846417.751291
78,287.600006103516,554846417.788786
78,287.700012207031,554846417.826232
78,287.700012207031,554846417.863825
78,287.700012207031,554846417.901264
79,287.800018310547,554846417.939069
79,287.800018310547,554846417.976361
79,287.700012207031,554846418.013781
79,287.700012207031,554846418.051294
79,287.700012207031,554846418.088554
79,287.700012207031,554846418.126340
79,287.700012207031,554846418.163839
79,287.700012207031,554846418.201274
79,287.600006103516,554846418.238766
79,287.600006103516,554846418.276308
79,287.600006103516,554846418.313826
79,287.300018310547,554846418.351323
79,287.200012207031,554846418.388810
79,287.100006103516,554846418.426084
79,287.100006103516,554846418.463813
79,287.200012207031,554846418.501305
79,287.200012207031,554846418.538574
79,286.899993896484,554846418.576300
79,286.800018310547,554846418.613755
79,286.800018310547,554846418.651220
79,286.700012207031,554846418.688746
79,286.700012207031,554846418.726247
79,286.800018310547,554846418.763876
79,286.899993896484,554846418.801242
79,286.800018310547,554846418.838732
79,287.0,554846418.876225
79,286.700012207031,554846418.913601
79,286.700012207031,554846418.951320
79,286.700012207031,554846418.988728
79,286.700012207031,554846419.026048
79,286.399993896484,554846419.063543
79,286.300018310547,554846419.101224
79,285.700012207031,554846419.138728
79,285.700012207031,554846419.176237
79,285.899993896484,554846419.213613
79,285.899993896484,554846419.251293
79,285.700012207031,554846419.288814
79,285.700012207031,554846419.326224
79,285.600006103516,554846419.363802
79,285.5,554846419.401274
79,285.5,554846419.438793
79,285.5,554846419.476373
79,285.399993896484,554846419.513831
79,285.399993896484,554846419.551206
79,285.399993896484,554846419.588785
79,285.600006103516,554846419.626269
79,285.600006103516,554846419.663432
79,285.700012207031,554846419.701201
79,285.600006103516,554846419.738706
79,285.600006103516,554846419.775962
79,285.600006103516,554846419.813767
79,285.600006103516,554846419.851287
79,285.600006103516,554846419.888679
79,285.600006103516,554846419.926043
79,285.5,554846419.963579
79,285.5,554846420.000711
79,285.5,554846420.038843
79,285.5,554846420.076283
79,285.399993896484,554846420.113855
79,285.700012207031,554846420.151035
79,285.5,554846420.188645
79,285.5,554846420.226314
79,285.5,554846420.263588
79,285.5,554846420.300745
79,285.5,554846420.338238
79,285.5,554846420.376324
79,285.600006103516,554846420.413528
79,285.700012207031,554846420.451159
79,285.700012207031,554846420.488661
79,285.700012207031,554846420.526173
79,285.700012207031,554846420.563764
79,285.800018310547,554846420.601199
79,285.800018310547,554846420.638688
79,285.800018310547,554846420.676233
79,285.600006103516,554846420.713728
79,285.5,554846420.751221
79,285.5,554846420.788450
79,285.5,554846420.825995
79,285.300018310547,554846420.863719
79,285.300018310547,554846420.900747
79,285.300018310547,554846420.938521
79,285.300018310547,554846420.976258
79,285.300018310547,554846421.013832
79,285.300018310547,554846421.051251
79,285.100006103516,554846421.088882
79,285.100006103516,554846421.126343
79,285.0,554846421.163871
79,284.899993896484,554846421.201319
79,284.800018310547,554846421.238841
79,284.800018310547,554846421.276247
79,284.800018310547,554846421.313844
79,284.600006103516,554846421.351344
79,284.600006103516,554846421.388773
79,284.399993896484,554846421.426126
79,284.200012207031,554846421.463371
79,284.100006103516,554846421.501262
79,283.899993896484,554846421.538851
79,283.899993896484,554846421.576134
79,283.899993896484,554846421.613452
79,283.899993896484,554846421.650831
79,283.800018310547,554846421.688634
79,283.800018310547,554846421.726134
79,283.899993896484,554846421.763464
79,283.899993896484,554846421.801117
79,283.899993896484,554846421.838847
79,283.899993896484,554846421.876103
79,283.800018310547,554846421.913343
79,283.700012207031,554846421.951328
79,283.600006103516,554846421.988611
79,283.700012207031,554846422.026136
79,283.700012207031,554846422.063439
79,283.800018310547,554846422.101313
79,283.700012207031,554846422.138852
79,283.700012207031,554846422.176094
79,283.700012207031,554846422.213327
79,283.700012207031,554846422.251332
79,283.700012207031,554846422.288378
79,283.600006103516,554846422.326316
79,283.600006103516,554846422.363426
79,283.600006103516,554846422.401335
79,283.700012207031,554846422.438588
79,283.700012207031,554846422.476309
79,283.700012207031,554846422.513835
79,283.800018310547,554846422.551278
79,283.800018310547,554846422.588809
79,284.100006103516,554846422.626329
79,284.200012207031,554846422.663804
79,284.300018310547,554846422.701300
79,284.300018310547,554846422.738812
79,284.899993896484,554846422.776361
79,285.300018310547,554846422.813608
79,285.800018310547,554846422.851316
79,285.899993896484,554846422.888803
79,286.399993896484,554846422.926078
79,286.800018310547,554846422.963690
79,287.200012207031,554846423.000910
79,287.899993896484,554846423.038809
79,289.0,554846423.076279
79,289.800018310547,554846423.113789
79,290.700012207031,554846423.151306
79,291.800018310547,554846423.188596
79,292.800018310547,554846423.226233
79,293.700012207031,554846423.263795
79,294.800018310547,554846423.300911
79,296.100006103516,554846423.338733
79,297.5,554846423.376296
79,299.200012207031,554846423.413788
79,301.0,554846423.451296
79,302.300018310547,554846423.488793
79,304.0,554846423.526193
79,305.5,554846423.563734
79,306.399993896484,554846423.601284
79,307.300018310547,554846423.638704
79,308.399993896484,554846423.676262
79,309.300018310547,554846423.713732
79,310.200012207031,554846423.751225
79,311.100006103516,554846423.788795
79,312.0,554846423.826298
79,313.0,554846423.863718
79,314.399993896484,554846423.901266
79,315.700012207031,554846423.938707
79,316.700012207031,554846423.976204
79,318.200012207031,554846424.013783
79,319.5,554846424.051108
79,320.300018310547,554846424.088776
79,321.200012207031,554846424.126023
79,321.700012207031,554846424.163704
79,322.600006103516,554846424.201261
79,322.800018310547,554846424.238759
79,323.399993896484,554846424.276201
79,323.700012207031,554846424.313517
79,324.600006103516,554846424.351280
79,325.399993896484,554846424.388667
79,326.200012207031,554846424.426290
79,326.5,554846424.463769
79,327.100006103516,554846424.501198
79,327.5,554846424.538831
79,327.800018310547,554846424.576172
79,327.800018310547,554846424.613672
79,328.0,554846424.651169
79,327.800018310547,554846424.688880
79,328.0,554846424.726185
79,328.100006103516,554846424.763358
79,328.100006103516,554846424.801041
79,328.100006103516,554846424.838748
79,328.100006103516,554846424.876189
79,328.200012207031,554846424.913530
79,328.100006103516,554846424.951163
79,327.899993896484,554846424.988875
79,327.899993896484,554846425.026032
79,328.0,554846425.063744
79,328.200012207031,554846425.101370
79,328.300018310547,554846425.138782
79,328.300018310547,554846425.176356
79,328.300018310547,554846425.213778
79,328.100006103516,554846425.251267
79,328.100006103516,554846425.288781
79,328.100006103516,554846425.326289
79,328.100006103516,554846425.363486
79,327.899993896484,554846425.401371
79,327.899993896484,554846425.438874
79,328.0,554846425.476363
79,328.0,554846425.513779
79,327.899993896484,554846425.551335
79,327.899993896484,554846425.588913
79,328.0,554846425.626284
79,328.0,554846425.663713
79,328.0,554846425.701479
79,327.800018310547,554846425.738767
79,327.800018310547,554846425.776252
79,327.800018310547,554846425.813801
79,327.700012207031,554846425.851095
79,327.800018310547,554846425.888854
80,327.600006103516,554846425.926159
80,327.399993896484,554846425.963835
80,327.200012207031,554846426.000907
80,327.0,554846426.038776
80,326.300018310547,554846426.076267
80,325.399993896484,554846426.113405
80,325.200012207031,554846426.151310
80,324.600006103516,554846426.189118
80,323.800018310547,554846426.226273
80,322.399993896484,554846426.263790
80,320.800018310547,554846426.301321
80,319.399993896484,554846426.338805
80,318.399993896484,554846426.376241
80,317.100006103516,554846426.413813
80,315.700012207031,554846426.451303
80,314.200012207031,554846426.488601
80,312.899993896484,554846426.526273
80,311.399993896484,554846426.563840
80,310.0,554846426.601239
80,308.800018310547,554846426.638838
80,307.200012207031,554846426.676337
80,306.200012207031,554846426.713755
80,305.100006103516,554846426.751394
80,303.700012207031,554846426.788809
80,302.700012207031,554846426.826244
80,302.0,554846426.863721
80,301.300018310547,554846426.901226
80,300.600006103516,554846426.938766
80,299.800018310547,554846426.976225
80,299.0,554846427.013728
80,298.0,554846427.051423
80,296.899993896484,554846427.088654
80,296.200012207031,554846427.126323
80,295.800018310547,554846427.163743
80,295.300018310547,554846427.201308
80,294.200012207031,554846427.238809
80,294.100006103516,554846427.276301
80,293.200012207031,554846427.313585
80,292.899993896484,554846427.351241
80,292.700012207031,554846427.388909
80,292.100006103516,554846427.426195
80,291.800018310547,554846427.463579
80,291.200012207031,554846427.501186
80,290.800018310547,554846427.538792
80,290.600006103516,554846427.576213
80,289.800018310547,554846427.613726
80,289.800018310547,554846427.651269
80,289.0,554846427.688805
80,289.0,554846427.726251
80,288.600006103516,554846427.763711
80,288.5,554846427.801246
80,288.0,554846427.838917
80,287.300018310547,554846427.876345
82,287.100006103516,554846427.913705
82,286.700012207031,554846427.951295
82,286.300018310547,554846427.988808
82,286.100006103516,554846428.026217
82,285.700012207031,554846428.063573
82,285.200012207031,554846428.101281
82,285.200012207031,554846428.138869
82,284.800018310547,554846428.176064
82,284.600006103516,554846428.213822
82,284.5,554846428.251351
82,284.600006103516,554846428.288892
82,284.300018310547,554846428.326212
82,284.399993896484,554846428.363895
82,284.0,554846428.401273
82,284.100006103516,554846428.438826
82,283.899993896484,554846428.476265
82,283.899993896484,554846428.513870
82,283.800018310547,554846428.551397
82,283.600006103516,554846428.588816
82,283.5,554846428.626297
82,283.5,554846428.663805
82,283.5,554846428.701235
82,283.600006103516,554846428.738809
82,283.600006103516,554846428.776155
82,283.200012207031,554846428.813818
82,283.200012207031,554846428.851198
82,283.200012207031,554846428.888888
83,283.0,554846428.926262
83,283.0,554846428.963882
83,282.899993896484,554846429.000852
83,282.899993896484,554846429.038800
83,282.800018310547,554846429.076439
83,282.800018310547,554846429.113863
83,282.800018310547,554846429.151245
83,282.800018310547,554846429.188872
83,282.800018310547,554846429.225692
83,282.800018310547,554846429.263856
83,282.800018310547,554846429.301303
83,282.800018310547,554846429.338656
83,282.600006103516,554846429.376445
83,282.399993896484,554846429.413786
83,282.399993896484,554846429.451372
83,282.399993896484,554846429.488617
83,282.300018310547,554846429.526274
83,282.200012207031,554846429.563854
83,282.200012207031,554846429.601365
83,282.200012207031,554846429.638449
83,282.100006103516,554846429.676345
83,282.100006103516,554846429.713736
83,282.100006103516,554846429.751228
83,281.800018310547,554846429.788636
83,281.800018310547,554846429.826117
83,281.800018310547,554846429.863646
83,281.700012207031,554846429.901248
83,281.700012207031,554846429.938381
83,281.800018310547,554846429.976129
83,281.800018310547,554846430.013614
83,281.700012207031,554846430.050939
83,281.700012207031,554846430.088620
83,281.700012207031,554846430.126402
83,281.700012207031,554846430.163853
83,281.700012207031,554846430.201129
83,281.700012207031,554846430.238778
83,281.700012207031,554846430.276046
83,281.800018310547,554846430.313844
83,281.899993896484,554846430.350898
83,281.899993896484,554846430.388881
83,281.899993896484,554846430.426335
83,281.899993896484,554846430.463766
83,281.899993896484,554846430.501115
83,281.899993896484,554846430.538752
83,281.899993896484,554846430.575908
83,281.899993896484,554846430.613366
83,281.800018310547,554846430.651108
83,281.800018310547,554846430.688451
83,281.800018310547,554846430.726334
83,281.800018310547,554846430.763346
83,281.800018310547,554846430.800853
83,281.800018310547,554846430.838805
83,281.800018310547,554846430.876295
82,281.700012207031,554846430.913334
82,281.700012207031,554846430.951098
82,281.899993896484,554846430.988592
82,281.899993896484,554846431.025879
82,282.0,554846431.063754
82,282.200012207031,554846431.101318
82,282.300018310547,554846431.138737
82,282.5,554846431.176329
82,282.700012207031,554846431.213814
82,282.899993896484,554846431.251236
82,282.899993896484,554846431.288814
82,283.300018310547,554846431.326440
82,283.300018310547,554846431.363706
82,283.200012207031,554846431.401296
82,283.200012207031,554846431.438789
82,283.600006103516,554846431.476287
82,283.600006103516,554846431.513791
82,283.5,554846431.551302
82,283.5,554846431.588804
82,283.600006103516,554846431.626207
82,283.700012207031,554846431.663788
82,283.899993896484,554846431.701089
82,284.200012207031,554846431.738641
82,284.600006103516,554846431.776282
82,284.800018310547,554846431.813723
82,284.899993896484,554846431.851265
82,285.200012207031,554846431.888778
81,285.300018310547,554846431.926224
81,285.5,554846431.963783
81,285.700012207031,554846432.000801
81,285.700012207031,554846432.038816
81,285.700012207031,554846432.076105
81,285.700012207031,554846432.113693
81,285.700012207031,554846432.151284
81,285.5,554846432.188763
81,285.5,554846432.226493
81,285.800018310547,554846432.263785
81,286.100006103516,554846432.301204
81,286.300018310547,554846432.338705
81,286.600006103516,554846432.376168
81,287.100006103516,554846432.413865
81,287.5,554846432.451170
81,288.200012207031,554846432.488809
81,288.700012207031,554846432.526181
81,289.600006103516,554846432.563670
81,289.800018310547,554846432.601170
81,290.399993896484,554846432.638537
81,290.700012207031,554846432.676204
81,290.800018310547,554846432.716894
81,290.800018310547,554846432.751322
81,290.800018310547,554846432.788773
81,291.399993896484,554846432.826265
81,291.399993896484,554846432.863818
81,291.399993896484,554846432.901245
81,291.200012207031,554846432.938694
81,291.100006103516,554846432.976202
81,290.800018310547,554846433.013409
81,290.800018310547,554846433.051225
81,290.5,554846433.088874
81,290.5,554846433.126401
81,290.100006103516,554846433.163550
81,290.100006103516,554846433.200920
81,290.100006103516,554846433.238843
81,290.100006103516,554846433.276372
81,289.800018310547,554846433.313756
81,289.800018310547,554846433.351371
81,289.700012207031,554846433.388430
81,289.300018310547,554846433.426308
81,289.200012207031,554846433.463800
81,289.0,554846433.501234
81,288.899993896484,554846433.538794
81,288.399993896484,554846433.576138
81,288.0,554846433.613781
81,287.899993896484,554846433.651354
81,287.899993896484,554846433.688860
81,287.800018310547,554846433.726349
81,287.700012207031,554846433.763597
81,287.600006103516,554846433.801448
81,287.600006103516,554846433.838787
81,287.5,554846433.876285
81,287.800018310547,554846433.913845
81,287.800018310547,554846433.951287
81,287.800018310547,554846433.988857
81,287.800018310547,554846434.026049
81,287.800018310547,554846434.063853
81,287.700012207031,554846434.101133
81,287.700012207031,554846434.138762
81,287.700012207031,554846434.176221
81,287.700012207031,554846434.213760
81,287.700012207031,554846434.251461
81,287.800018310547,554846434.288758
82,287.800018310547,554846434.325950
82,287.800018310547,554846434.363845
82,287.700012207031,554846434.401010
82,287.700012207031,554846434.438850
82,287.700012207031,554846434.476233
82,287.700012207031,554846434.513767
82,287.700012207031,554846434.551270
82,287.700012207031,554846434.588751
82,287.899993896484,554846434.626100
82,287.800018310547,554846434.663879
82,288.0,554846434.701310
82,288.0,554846434.738619
82,288.0,554846434.776262
82,288.0,554846434.813742
82,287.800018310547,554846434.851239
82,287.800018310547,554846434.888715
82,287.800018310547,554846434.926325
82,287.899993896484,554846434.963824
82,287.899993896484,554846435.000793
82,287.899993896484,554846435.038520
82,287.800018310547,554846435.076243
82,287.899993896484,554846435.113749
82,288.0,554846435.151255
82,288.0,554846435.188811
82,288.200012207031,554846435.226239
82,288.200012207031,554846435.263560
82,288.300018310547,554846435.301072
82,288.800018310547,554846435.338730
82,288.899993896484,554846435.376227
82,289.200012207031,554846435.413456
82,289.300018310547,554846435.451104
82,289.399993896484,554846435.488742
82,289.600006103516,554846435.526246
82,289.800018310547,554846435.563729
82,289.899993896484,554846435.638856
82,290.200012207031,554846435.638951
82,290.200012207031,554846435.676300
82,290.5,554846435.713377
82,290.899993896484,554846435.751171
82,291.100006103516,554846435.788783
82,291.600006103516,554846435.826345
82,291.800018310547,554846435.863655
82,292.100006103516,554846435.901419
82,292.399993896484,554846435.938777
82,292.899993896484,554846435.976258
82,293.600006103516,554846436.013588
82,293.899993896484,554846436.051296
82,294.300018310547,554846436.088612
82,295.100006103516,554846436.126195
82,295.5,554846436.163674
82,296.0,554846436.201135
82,296.600006103516,554846436.238790
83,297.200012207031,554846436.276287
83,297.700012207031,554846436.313793
83,298.5,554846436.350883
83,298.899993896484,554846436.388479
83,299.399993896484,554846436.425857
83,299.5,554846436.463900
83,299.700012207031,554846436.501039
83,300.0,554846436.538709
83,300.5,554846436.576283
83,300.700012207031,554846436.613773
83,301.200012207031,554846436.651262
83,301.600006103516,554846436.688747
83,302.200012207031,554846436.726193
83,302.600006103516,554846436.763483
83,303.399993896484,554846436.801190
83,304.0,554846436.838687
83,304.800018310547,554846436.876268
83,305.0,554846436.913736
83,305.399993896484,554846436.951300
83,305.5,554846436.988756
83,305.800018310547,554846437.026025
83,305.800018310547,554846437.063738
83,305.800018310547,554846437.101295
83,305.899993896484,554846437.138522
83,305.700012207031,554846437.176333
83,305.700012207031,554846437.213757
83,305.700012207031,554846437.251081
83,305.899993896484,554846437.288797
83,305.899993896484,554846437.326168
83,305.899993896484,554846437.363806
83,305.899993896484,554846437.401299
83,305.899993896484,554846437.438379
83,305.800018310547,554846437.476348
83,305.600006103516,554846437.513810
83,305.600006103516,554846437.551135
83,305.600006103516,554846437.588807
83,305.700012207031,554846437.626353
83,305.5,554846437.663845
83,305.300018310547,554846437.701359
83,305.200012207031,554846437.738339
83,305.200012207031,554846437.776147
83,305.200012207031,554846437.813800
83,304.600006103516,554846437.851291
83,304.5,554846437.888792
83,304.200012207031,554846437.926288
83,303.800018310547,554846437.963776
83,303.5,554846438.000792
83,303.0,554846438.038770
83,302.5,554846438.076112
83,302.200012207031,554846438.113842
83,301.600006103516,554846438.151331
83,301.300018310547,554846438.188844
83,301.200012207031,554846438.226245
83,300.800018310547,554846438.263512
83,300.100006103516,554846438.301285
83,299.600006103516,554846438.338733
83,299.300018310547,554846438.376277
83,299.100006103516,554846438.413608
83,298.800018310547,554846438.450840
83,298.300018310547,554846438.488822
83,298.0,554846438.526316
83,297.899993896484,554846438.563756
83,297.300018310547,554846438.601251
83,297.300018310547,554846438.638717
83,297.100006103516,554846438.676278
83,296.600006103516,554846438.713812
83,296.600006103516,554846438.751446
83,296.200012207031,554846438.788809
83,296.100006103516,554846438.826334
83,296.0,554846438.863745
83,295.899993896484,554846438.901256
83,295.899993896484,554846438.938801
83,295.5,554846438.976254
83,295.300018310547,554846439.013282
83,295.100006103516,554846439.051327
83,295.100006103516,554846439.088822
83,295.100006103516,554846439.126234
83,295.0,554846439.163716
83,294.800018310547,554846439.200943
83,294.600006103516,554846439.238755
83,294.5,554846439.276204
83,294.399993896484,554846439.313715
83,294.5,554846439.351304
83,294.5,554846439.388805
83,294.5,554846439.426269
83,294.200012207031,554846439.463269
83,294.0,554846439.501309
83,294.0,554846439.538587
83,293.899993896484,554846439.576294
83,293.899993896484,554846439.613411
83,293.899993896484,554846439.651214
83,293.700012207031,554846439.688729
83,293.600006103516,554846439.726212
83,293.600006103516,554846439.763718
83,293.600006103516,554846439.801273
83,293.5,554846439.838718
83,293.600006103516,554846439.876228
83,293.600006103516,554846439.913779
83,293.600006103516,554846439.951052
83,293.399993896484,554846439.988839
83,293.300018310547,554846440.026291
83,293.300018310547,554846440.063799
83,293.200012207031,554846440.101226
83,293.200012207031,554846440.138554
83,293.300018310547,554846440.176190
83,293.300018310547,554846440.213792
83,293.300018310547,554846440.251296
83,293.100006103516,554846440.288810
83,293.300018310547,554846440.326272
83,293.200012207031,554846440.363757
83,293.399993896484,554846440.401155
83,293.5,554846440.438755
83,293.5,554846440.475711
83,293.899993896484,554846440.513565
83,294.100006103516,554846440.551185
83,294.100006103516,554846440.588756
83,294.800018310547,554846440.626277
83,294.800018310547,554846440.663762
83,294.800018310547,554846440.701281
83,294.899993896484,554846440.738660
83,295.399993896484,554846440.776250
83,295.399993896484,554846440.813727
83,295.800018310547,554846440.851258
83,296.0,554846440.888763
83,296.399993896484,554846440.926172
83,296.800018310547,554846440.963774
83,296.899993896484,554846441.000697
83,297.100006103516,554846441.038541
83,297.5,554846441.076259
83,297.600006103516,554846441.113625
83,297.800018310547,554846441.151151
83,298.100006103516,554846441.188739
83,298.399993896484,554846441.226192
83,298.800018310547,554846441.263690
83,299.0,554846441.301376
83,299.100006103516,554846441.338732
83,299.5,554846441.376373
83,299.5,554846441.413624
83,299.800018310547,554846441.451362
83,300.200012207031,554846441.488285
83,300.300018310547,554846441.526296
83,300.700012207031,554846441.563782
83,300.800018310547,554846441.600849
83,300.899993896484,554846441.638873
83,301.200012207031,554846441.676305
83,301.300018310547,554846441.713805
83,301.300018310547,554846441.751279
83,301.300018310547,554846441.788921
83,301.300018310547,554846441.826514
83,301.300018310547,554846441.863857
83,301.300018310547,554846441.901165
83,301.5,554846441.938858
83,301.5,554846441.976265
83,301.5,554846442.013781
83,301.399993896484,554846442.051158
83,301.399993896484,554846442.088843
82,301.300018310547,554846442.125920
82,301.300018310547,554846442.163606
82,301.200012207031,554846442.201281
82,300.899993896484,554846442.238840
82,300.700012207031,554846442.276374
82,300.600006103516,554846442.313848
82,300.399993896484,554846442.351285
82,300.399993896484,554846442.388758
82,299.899993896484,554846442.426338
82,299.800018310547,554846442.463847
82,299.700012207031,554846442.500771
82,299.5,554846442.538966
82,299.0,554846442.576249
82,298.600006103516,554846442.613751
82,298.5,554846442.651324
82,298.399993896484,554846442.688812
82,298.200012207031,554846442.726309
82,297.700012207031,554846442.763849
82,297.600006103516,554846442.801340
82,297.100006103516,554846442.838812
82,297.100006103516,554846442.876130
82,297.100006103516,554846442.913868
82,296.800018310547,554846442.951255
82,296.600006103516,554846442.988838
82,296.300018310547,554846443.025995
82,296.300018310547,554846443.063834
81,296.100006103516,554846443.101288
81,296.0,554846443.138822
81,295.700012207031,554846443.176259
81,295.700012207031,554846443.213806
81,295.700012207031,554846443.251319
81,295.600006103516,554846443.288521
81,295.399993896484,554846443.326327
81,295.300018310547,554846443.363816
81,294.899993896484,554846443.401322
81,294.899993896484,554846443.438725
81,294.899993896484,554846443.476497
81,294.5,554846443.513729
81,294.5,554846443.551317
81,294.399993896484,554846443.588565
81,294.399993896484,554846443.626169
81,294.300018310547,554846443.663808
81,294.200012207031,554846443.701229
81,294.200012207031,554846443.738690
81,294.200012207031,554846443.776345
81,294.100006103516,554846443.813550
81,294.100006103516,554846443.851289
81,294.0,554846443.888790
81,294.100006103516,554846443.926255
81,294.100006103516,554846443.963816
81,294.200012207031,554846444.000777
81,294.200012207031,554846444.038732
81,294.100006103516,554846444.076278
81,294.0,554846444.113494
81,294.0,554846444.151230
81,294.0,554846444.188813
81,293.899993896484,554846444.226348
81,294.200012207031,554846444.263806
81,294.100006103516,554846444.301336
81,294.100006103516,554846444.338615
81,294.0,554846444.376327
81,294.0,554846444.413587
81,294.0,554846444.451393
81,294.200012207031,554846444.488770
81,294.200012207031,554846444.526230
81,294.200012207031,554846444.563902
81,294.200012207031,554846444.601400
81,294.300018310547,554846444.638748
81,294.300018310547,554846444.676377
81,294.300018310547,554846444.713724
81,294.100006103516,554846444.751371
81,293.899993896484,554846444.788831
81,293.600006103516,554846444.826353
81,293.700012207031,554846444.863759
81,293.700012207031,554846444.901327
81,293.700012207031,554846444.938743
81,293.800018310547,554846444.976364
81,294.0,554846445.013444
81,294.0,554846445.050936
81,293.899993896484,554846445.088771
81,293.700012207031,554846445.126392
81,293.399993896484,554846445.163822
81,293.399993896484,554846445.201376
81,293.5,554846445.238685
81,293.600006103516,554846445.276314
81,293.700012207031,554846445.313757
81,294.0,554846445.351366
81,294.200012207031,554846445.388752
81,294.399993896484,554846445.426298
81,294.700012207031,554846445.463788
81,294.700012207031,554846445.501292
81,294.399993896484,554846445.538796
81,293.800018310547,554846445.576298
81,293.600006103516,554846445.613799
81,293.600006103516,554846445.651293
81,293.700012207031,554846445.688811
81,293.700012207031,554846445.726302
81,293.700012207031,554846445.763798
81,293.600006103516,554846445.801123
81,293.600006103516,554846445.838878
81,293.600006103516,554846445.876347
81,293.600006103516,554846445.913777
81,294.100006103516,554846445.951280
81,294.200012207031,554846445.988858
81,294.200012207031,554846446.026382
81,294.200012207031,554846446.063843
81,294.200012207031,554846446.100869
81,294.0,554846446.138618
81,293.800018310547,554846446.176293
81,293.800018310547,554846446.213600
81,293.399993896484,554846446.251350
81,293.399993896484,554846446.288763
81,293.399993896484,554846446.325957
81,293.399993896484,554846446.363778
81,293.399993896484,554846446.401070
81,293.100006103516,554846446.438842
81,293.0,554846446.476311
81,292.200012207031,554846446.513837
81,292.100006103516,554846446.551077
81,291.700012207031,554846446.588830
81,291.600006103516,554846446.626247
81,291.399993896484,554846446.663855
81,291.300018310547,554846446.701257
81,290.899993896484,554846446.738699
81,290.800018310547,554846446.776097
81,290.800018310547,554846446.813899
81,290.800018310547,554846446.851263
81,290.800018310547,554846446.888841
81,290.800018310547,554846446.926347
81,290.700012207031,554846446.963764
81,290.700012207031,554846447.000812
81,290.700012207031,554846447.038814
81,290.700012207031,554846447.076299
81,290.800018310547,554846447.113814
81,290.700012207031,554846447.151315
81,290.700012207031,554846447.188805
81,290.700012207031,554846447.226314
81,290.700012207031,554846447.263581
81,290.800018310547,554846447.301099
81,290.800018310547,554846447.338752
81,290.200012207031,554846447.376240
81,290.0,554846447.413750
81,290.0,554846447.451237
81,289.800018310547,554846447.488811
81,289.700012207031,554846447.526248
81,289.600006103516,554846447.563754
81,289.100006103516,554846447.601343
81,289.0,554846447.638787
81,289.0,554846447.676232
81,289.0,554846447.713799
81,289.100006103516,554846447.751284
81,289.300018310547,554846447.788565
81,289.300018310547,554846447.826297
81,289.300018310547,554846447.863741
81,289.0,554846447.901242
81,289.0,554846447.938738
82,289.0,554846447.976305
82,289.100006103516,554846448.013812
82,289.0,554846448.051231
82,289.200012207031,554846448.088557
82,289.0,554846448.126102
82,289.0,554846448.163778
82,289.0,554846448.201164
82,289.0,554846448.238706
82,289.0,554846448.276293
82,289.0,554846448.313773
82,288.800018310547,554846448.351242
82,288.5,554846448.388779
82,288.5,554846448.426216
82,288.5,554846448.463720
82,288.800018310547,554846448.501269
82,289.100006103516,554846448.538952
82,289.300018310547,554846448.576338
82,289.399993896484,554846448.613674
82,289.399993896484,554846448.651284
82,289.200012207031,554846448.688758
82,289.200012207031,554846448.726030
82,289.300018310547,554846448.763753
82,289.399993896484,554846448.801172
82,289.5,554846448.838518
82,289.5,554846448.876262
82,289.5,554846448.913701
81,289.600006103516,554846448.988716
81,289.800018310547,554846448.988807
81,289.600006103516,554846449.025774
81,289.399993896484,554846449.063742
81,289.399993896484,554846449.101280
81,289.5,554846449.138699
81,289.600006103516,554846449.176250
81,289.5,554846449.213552
81,288.899993896484,554846449.251323
81,288.899993896484,554846449.288742
81,288.800018310547,554846449.326283
81,288.800018310547,554846449.363738
81,288.800018310547,554846449.400975
81,288.800018310547,554846449.438903
81,288.800018310547,554846449.476289
81,288.899993896484,554846449.513755
81,289.0,554846449.551296
81,289.0,554846449.588886
81,289.0,554846449.626385
81,289.0,554846449.663525
81,289.399993896484,554846449.701386
81,289.600006103516,554846449.738873
81,289.700012207031,554846449.776371
81,290.200012207031,554846449.813850
81,290.399993896484,554846449.851394
81,290.399993896484,554846449.888774
81,290.399993896484,554846449.926152
81,290.399993896484,554846449.963846
81,290.300018310547,554846450.000788
81,290.100006103516,554846450.038799
81,289.899993896484,554846450.076360
81,289.899993896484,554846450.113780
81,289.700012207031,554846450.151147
81,289.5,554846450.188489
81,289.5,554846450.226283
81,289.700012207031,554846450.263814
81,289.700012207031,554846450.301367
81,289.100006103516,554846450.338855
81,288.899993896484,554846450.376279
81,288.800018310547,554846450.413851
81,288.700012207031,554846450.451236
81,288.300018310547,554846450.488755
81,288.200012207031,554846450.526293
81,288.100006103516,554846450.563604
81,287.700012207031,554846450.601200
81,287.5,554846450.638838
81,287.200012207031,554846450.676335
81,286.700012207031,554846450.713629
81,286.700012207031,554846450.751341
81,286.399993896484,554846450.788778
81,286.300018310547,554846450.826193
81,286.300018310547,554846450.863835
81,286.100006103516,554846450.901333
81,286.0,554846450.938733
81,285.800018310547,554846450.976256
81,285.800018310547,554846451.013449
81,285.899993896484,554846451.051372
81,285.899993896484,554846451.088767
81,286.100006103516,554846451.126070
81,286.100006103516,554846451.163818
81,286.200012207031,554846451.201261
81,286.200012207031,554846451.238809
81,286.200012207031,554846451.276121
81,286.300018310547,554846451.313819
81,286.300018310547,554846451.351341
80,286.300018310547,554846451.388813
80,286.200012207031,554846451.426326
80,286.200012207031,554846451.463681
80,286.200012207031,554846451.501256
80,286.100006103516,554846451.538741
80,286.100006103516,554846451.576254
80,286.200012207031,554846451.613745
80,286.399993896484,554846451.651078
80,286.399993896484,554846451.688828
80,286.399993896484,554846451.726326
80,286.399993896484,554846451.763810
80,286.5,554846451.801328
80,286.5,554846451.838808
80,286.600006103516,554846451.876228
80,286.600006103516,554846451.913801
80,286.800018310547,554846451.951223
80,286.899993896484,554846451.988814
80,286.899993896484,554846452.025862
80,286.899993896484,554846452.063753
80,287.0,554846452.101166
80,287.300018310547,554846452.138836
80,287.300018310547,554846452.176284
80,287.5,554846452.213381
80,287.700012207031,554846452.250885
80,288.0,554846452.288757
80,288.200012207031,554846452.326286
80,288.800018310547,554846452.363557
80,289.399993896484,554846452.401269
80,289.399993896484,554846452.438797
80,290.0,554846452.476289
80,290.399993896484,554846452.513778
80,290.800018310547,554846452.551205
80,291.5,554846452.588524
80,291.899993896484,554846452.626265
80,292.5,554846452.663762
80,292.600006103516,554846452.701243
80,293.200012207031,554846452.738765
80,293.700012207031,554846452.776277
80,294.399993896484,554846452.813764
80,294.5,554846452.851266
80,295.200012207031,554846452.888847
80,295.399993896484,554846452.926277
80,296.0,554846452.963885
80,296.399993896484,554846453.000738
80,296.800018310547,554846453.038464
80,297.600006103516,554846453.076191
80,297.899993896484,554846453.113694
80,298.300018310547,554846453.151389
80,299.100006103516,554846453.188718
80,299.5,554846453.226072
80,300.5,554846453.263745
80,300.899993896484,554846453.301463
80,301.600006103516,554846453.338660
80,301.800018310547,554846453.385564
80,302.0,554846453.413675
80,302.100006103516,554846453.451186
80,302.5,554846453.488873
80,302.5,554846453.526234
80,302.399993896484,554846453.563879
80,302.300018310547,554846453.601254
80,302.100006103516,554846453.638928
80,301.899993896484,554846453.676315
80,301.899993896484,554846453.713836
80,301.899993896484,554846453.751266
80,301.800018310547,554846453.788769
80,301.600006103516,554846453.826302
80,301.600006103516,554846453.863387
80,301.300018310547,554846453.901363
80,301.100006103516,554846453.938774
80,300.899993896484,554846453.976361
80,300.600006103516,554846454.013802
80,300.300018310547,554846454.051125
80,299.899993896484,554846454.088780
80,299.5,554846454.126327
80,299.0,554846454.163870
80,298.399993896484,554846454.201361
80,297.800018310547,554846454.238758
80,297.600006103516,554846454.276346
80,296.5,554846454.313800
80,296.200012207031,554846454.351312
80,295.899993896484,554846454.388907
80,295.399993896484,554846454.426125
80,295.200012207031,554846454.463831
80,295.0,554846454.501362
80,294.800018310547,554846454.538909
80,294.200012207031,554846454.576139
80,293.899993896484,554846454.613777
80,293.399993896484,554846454.651288
80,293.100006103516,554846454.688775
80,292.899993896484,554846454.726263
80,292.800018310547,554846454.763845
80,292.300018310547,554846454.801346
80,292.0,554846454.838831
80,291.5,554846454.876221
80,291.300018310547,554846454.913757
80,291.100006103516,554846454.951251
80,290.700012207031,554846454.988816
80,290.600006103516,554846455.026108
80,290.100006103516,554846455.063843
80,290.100006103516,554846455.100953
80,290.0,554846455.138826
80,290.0,554846455.176358
80,289.899993896484,554846455.213765
80,289.800018310547,554846455.251270
81,289.899993896484,554846455.288890
81,289.800018310547,554846455.326324
81,290.0,554846455.363859
81,289.700012207031,554846455.401327
81,289.899993896484,554846455.438826
81,289.899993896484,554846455.476330
81,289.899993896484,554846455.513594
81,289.800018310547,554846455.551362
81,289.800018310547,554846455.588817
81,289.600006103516,554846455.626351
81,289.600006103516,554846455.663807
81,289.399993896484,554846455.701317
81,289.399993896484,554846455.738833
81,289.300018310547,554846455.776315
81,289.100006103516,554846455.813825
81,289.200012207031,554846455.851251
81,289.100006103516,554846455.888825
81,289.0,554846455.926359
81,289.0,554846455.963727
81,289.100006103516,554846456.000780
81,289.100006103516,554846456.038504
81,289.100006103516,554846456.075790
81,289.200012207031,554846456.113534
81,289.200012207031,554846456.151371
81,289.200012207031,554846456.188739
81,289.200012207031,554846456.226263
81,289.200012207031,554846456.263721
81,289.200012207031,554846456.301237
81,289.200012207031,554846456.338710
81,289.100006103516,554846456.376203
81,289.100006103516,554846456.413526
81,289.100006103516,554846456.451293
81,289.0,554846456.488711
81,289.200012207031,554846456.526210
81,289.200012207031,554846456.563664
81,289.200012207031,554846456.601209
81,289.0,554846456.638584
81,288.899993896484,554846456.676037
81,289.0,554846456.713844
81,288.899993896484,554846456.751217
81,289.0,554846456.788269
81,289.0,554846456.826281
81,289.100006103516,554846456.863736
81,289.200012207031,554846456.901217
81,289.300018310547,554846456.938776
81,289.399993896484,554846456.976202
81,289.5,554846457.013710
81,289.800018310547,554846457.051287
81,290.100006103516,554846457.088745
81,290.399993896484,554846457.126181
81,290.5,554846457.163770
81,291.0,554846457.201248
82,291.200012207031,554846457.238694
82,291.300018310547,554846457.276187
82,291.300018310547,554846457.313700
82,291.600006103516,554846457.351156
82,291.600006103516,554846457.388712
82,292.0,554846457.426254
82,292.200012207031,554846457.463889
82,292.5,554846457.501023
82,292.700012207031,554846457.538735
82,293.100006103516,554846457.576319
82,293.300018310547,554846457.613799
82,293.899993896484,554846457.650908
82,294.200012207031,554846457.688889
82,294.200012207031,554846457.726380
82,294.800018310547,554846457.763519
82,295.399993896484,554846457.801490
82,295.399993896484,554846457.838650
82,295.700012207031,554846457.876329
82,295.899993896484,554846457.913295
82,296.100006103516,554846457.950785
82,296.300018310547,554846457.988348
82,296.399993896484,554846458.026159
82,296.800018310547,554846458.063888
82,296.899993896484,554846458.100815
82,296.899993896484,554846458.138285
82,297.0,554846458.175835
83,297.0,554846458.213245
83,297.0,554846458.251125
83,297.399993896484,554846458.288428
83,297.5,554846458.326353
83,297.5,554846458.363489
83,297.600006103516,554846458.400842
83,297.700012207031,554846458.438815
83,297.700012207031,554846458.476348
83,297.700012207031,554846458.513796
83,297.600006103516,554846458.551355
83,297.5,554846458.588781
83,297.600006103516,554846458.626365
83,297.600006103516,554846458.663299
83,297.600006103516,554846458.701169
83,297.800018310547,554846458.738602
83,297.700012207031,554846458.776383
83,297.700012207031,554846458.813779
83,297.600006103516,554846458.851265
83,297.600006103516,554846458.888869
83,297.5,554846458.926126
83,297.399993896484,554846458.963691
83,297.300018310547,554846459.000903
83,297.200012207031,554846459.053074
83,296.899993896484,554846459.075963
83,296.899993896484,554846459.113867
83,296.700012207031,554846459.151310
83,296.5,554846459.188293
83,296.0,554846459.226334
83,296.0,554846459.263825
83,295.600006103516,554846459.301320
83,295.300018310547,554846459.338818
83,295.300018310547,554846459.376214
83,294.800018310547,554846459.413741
83,294.700012207031,554846459.451290
83,294.300018310547,554846459.488822
83,294.300018310547,554846459.525782
83,293.600006103516,554846459.563762
83,293.300018310547,554846459.601323
83,293.200012207031,554846459.638712
83,292.899993896484,554846459.675766
83,292.300018310547,554846459.713881
83,292.200012207031,554846459.751325
83,292.200012207031,554846459.788839
83,292.200012207031,554846459.825998
83,292.0,554846459.863295
83,292.0,554846459.901248
83,292.0,554846459.938777
83,292.0,554846459.975869
83,292.0,554846460.013539
83,291.899993896484,554846460.051303
83,291.800018310547,554846460.088870
83,291.700012207031,554846460.126316
81,291.700012207031,554846460.163644
81,291.800018310547,554846460.201340
81,291.800018310547,554846460.238734
81,291.700012207031,554846460.275827
81,291.399993896484,554846460.313738
81,291.399993896484,554846460.351226
81,291.600006103516,554846460.388927
81,291.600006103516,554846460.426249
81,291.300018310547,554846460.463622
81,291.200012207031,554846460.501203
81,291.100006103516,554846460.539038
81,291.100006103516,554846460.576230
81,291.200012207031,554846460.613379
81,291.300018310547,554846460.651118
81,291.200012207031,554846460.688965
81,291.200012207031,554846460.726170
81,291.100006103516,554846460.763629
81,291.0,554846460.800958
81,290.899993896484,554846460.838977
81,290.899993896484,554846460.876312
81,291.100006103516,554846460.913680
81,291.100006103516,554846460.951070
81,291.100006103516,554846460.988293
81,291.100006103516,554846461.026281
81,291.200012207031,554846461.063926
81,291.200012207031,554846461.101261
81,291.0,554846461.138395
81,291.0,554846461.176169
81,291.100006103516,554846461.213457
81,291.100006103516,554846461.250873
81,291.100006103516,554846461.288496
81,291.100006103516,554846461.326037
81,291.0,554846461.363897
81,291.0,554846461.400991
81,291.0,554846461.438502
81,291.200012207031,554846461.476047
81,291.200012207031,554846461.513483
81,291.300018310547,554846461.551242
81,291.200012207031,554846461.588806
81,291.200012207031,554846461.625889
81,291.200012207031,554846461.663871
81,291.200012207031,554846461.701171
81,291.200012207031,554846461.738792
81,291.200012207031,554846461.776421
81,291.300018310547,554846461.813597
81,291.399993896484,554846461.851372
81,291.5,554846461.888799
81,291.600006103516,554846461.926345
81,291.899993896484,554846461.963821
81,292.300018310547,554846462.000980
81,292.399993896484,554846462.038901
81,292.700012207031,554846462.076135
80,292.800018310547,554846462.113869
80,293.100006103516,554846462.151152
80,293.100006103516,554846462.188886
80,293.100006103516,554846462.225893
80,293.700012207031,554846462.263892
80,293.899993896484,554846462.301288
80,293.899993896484,554846462.338673
80,294.100006103516,554846462.375939
80,294.800018310547,554846462.413740
80,295.200012207031,554846462.451346
80,295.300018310547,554846462.488855
80,295.700012207031,554846462.526297
80,295.800018310547,554846462.563791
80,296.300018310547,554846462.601359
80,296.300018310547,554846462.638830
80,296.700012207031,554846462.676119
80,296.899993896484,554846462.713791
80,297.300018310547,554846462.751384
80,297.600006103516,554846462.788830
80,297.800018310547,554846462.826330
80,298.0,554846462.863766
80,298.399993896484,554846462.901349
80,298.5,554846462.938843
80,298.899993896484,554846462.976315
80,299.300018310547,554846463.013469
80,299.899993896484,554846463.051342
80,299.899993896484,554846463.088292
80,299.899993896484,554846463.126344
80,300.100006103516,554846463.163859
80,300.300018310547,554846463.201337
80,300.399993896484,554846463.238818
80,300.600006103516,554846463.276311
80,300.700012207031,554846463.313588
80,300.899993896484,554846463.351311
80,301.100006103516,554846463.388804
80,301.0,554846463.426315
80,301.0,554846463.463844
80,301.0,554846463.501294
80,301.200012207031,554846463.538751
80,301.5,554846463.576245
80,301.700012207031,554846463.613832
80,301.800018310547,554846463.651213
80,302.100006103516,554846463.688760
80,302.200012207031,554846463.726258
80,302.300018310547,554846463.763793
80,302.5,554846463.801259
80,302.899993896484,554846463.838712
80,303.0,554846463.913986
80,303.0,554846463.914076
80,303.399993896484,554846463.951314
80,303.600006103516,554846463.988714
80,303.600006103516,554846464.026082
79,303.600006103516,554846464.063775
79,303.700012207031,554846464.101313
79,303.800018310547,554846464.138745
79,303.899993896484,554846464.176319
79,303.899993896484,554846464.213794
79,304.0,554846464.251359
79,304.0,554846464.306384
79,304.399993896484,554846464.326244
79,304.5,554846464.363800
79,304.800018310547,554846464.401313
79,304.899993896484,554846464.438552
79,304.899993896484,554846464.476198
79,305.600006103516,554846464.513785
79,305.700012207031,554846464.551285
79,305.800018310547,554846464.588740
79,306.200012207031,554846464.626211
79,306.5,554846464.663723
79,306.600006103516,554846464.701306
79,306.700012207031,554846464.738850
79,306.700012207031,554846464.776278
79,307.0,554846464.813798
79,307.399993896484,554846464.851294
79,307.5,554846464.888788
79,307.700012207031,554846464.926281
79,308.0,554846464.963778
79,308.399993896484,554846465.000751
80,308.600006103516,554846465.038556
80,308.700012207031,554846465.076048
80,309.0,554846465.113702
80,309.100006103516,554846465.151284
80,309.100006103516,554846465.188697
80,309.399993896484,554846465.226109
80,309.399993896484,554846465.263914
80,309.399993896484,554846465.301087
80,309.399993896484,554846465.338756
80,309.300018310547,554846465.376162
80,309.0,554846465.413776
80,309.0,554846465.451283
80,308.899993896484,554846465.488707
80,308.899993896484,554846465.526222
80,308.800018310547,554846465.563809
80,308.700012207031,554846465.601181
80,308.700012207031,554846465.638880
80,308.5,554846465.676355
80,308.300018310547,554846465.713540
80,308.300018310547,554846465.751021
80,308.200012207031,554846465.788950
80,308.0,554846465.826321
80,307.700012207031,554846465.863823
80,307.5,554846465.901287
80,307.100006103516,554846465.938878
80,306.700012207031,554846465.976317
80,306.300018310547,554846466.013883
80,305.800018310547,554846466.051103
80,305.399993896484,554846466.088655
80,305.100006103516,554846466.126368
80,304.800018310547,554846466.163418
80,304.300018310547,554846466.201136
80,303.700012207031,554846466.238968
80,303.5,554846466.276408
80,302.700012207031,554846466.313889
80,302.600006103516,554846466.350861
80,302.100006103516,554846466.388655
80,301.899993896484,554846466.426383
80,301.200012207031,554846466.463810
80,300.800018310547,554846466.501416
80,300.200012207031,554846466.539011
80,299.800018310547,554846466.576374
80,299.0,554846466.613808
80,298.600006103516,554846466.651337
80,298.200012207031,554846466.688558
80,297.800018310547,554846466.726283
80,297.100006103516,554846466.763988
80,297.0,554846466.800900
80,296.700012207031,554846466.838774
80,296.0,554846466.876342
80,295.0,554846466.913754
80,294.200012207031,554846466.951283
82,294.100006103516,554846466.988869
82,293.600006103516,554846467.026283
82,293.399993896484,554846467.063860
82,293.200012207031,554846467.101341
82,292.899993896484,554846467.138784
82,292.600006103516,554846467.175943
82,292.600006103516,554846467.213605
82,292.300018310547,554846467.251275
82,292.300018310547,554846467.288910
82,292.100006103516,554846467.326277
82,292.0,554846467.363630
82,291.899993896484,554846467.401337
82,291.700012207031,554846467.438831
82,291.200012207031,554846467.476283
82,291.100006103516,554846467.513848
82,291.100006103516,554846467.551267
82,290.800018310547,554846467.588765
82,290.800018310547,554846467.626252
82,290.700012207031,554846467.663582
82,290.5,554846467.701209
82,290.5,554846467.738744
82,290.600006103516,554846467.776290
82,290.800018310547,554846467.813807
82,290.700012207031,554846467.851237
82,290.700012207031,554846467.888739
82,290.700012207031,554846467.926112
82,290.700012207031,554846467.963761
82,290.700012207031,554846468.000807
82,290.399993896484,554846468.038807
82,290.399993896484,554846468.076242
82,290.600006103516,554846468.113506
82,290.700012207031,554846468.151101
82,290.700012207031,554846468.188751
82,290.700012207031,554846468.226247
82,290.600006103516,554846468.263889
82,290.600006103516,554846468.301218
82,290.600006103516,554846468.338727
82,290.5,554846468.376191
82,290.5,554846468.413786
82,290.600006103516,554846468.451223
82,290.700012207031,554846468.488579
82,290.700012207031,554846468.526240
82,290.5,554846468.563770
82,290.5,554846468.601303
82,290.5,554846468.638742
82,290.5,554846468.676057
82,290.600006103516,554846468.713576
82,290.600006103516,554846468.751304
82,290.600006103516,554846468.788785
82,290.300018310547,554846468.826334
82,290.300018310547,554846468.863762
82,290.399993896484,554846468.901279
83,290.399993896484,554846468.938549
83,290.300018310547,554846468.976227
83,290.200012207031,554846469.013791
83,290.300018310547,554846469.051298
83,290.200012207031,554846469.088596
83,290.200012207031,554846469.126053
83,290.200012207031,554846469.163745
83,290.200012207031,554846469.201287
83,290.200012207031,554846469.238711
83,290.200012207031,554846469.276269
83,290.200012207031,554846469.313697
83,290.200012207031,554846469.351273
83,290.100006103516,554846469.388715
83,290.100006103516,554846469.426401
83,290.200012207031,554846469.463764
83,290.200012207031,554846469.501262
83,290.200012207031,554846469.538625
83,290.200012207031,554846469.576420
83,290.200012207031,554846469.613764
83,290.300018310547,554846469.651260
83,290.200012207031,554846469.688817
83,290.200012207031,554846469.726198
83,290.200012207031,554846469.763827
83,290.300018310547,554846469.801269
83,290.300018310547,554846469.838864
83,290.300018310547,554846469.876398
83,290.200012207031,554846469.913890
83,290.100006103516,554846469.951366
83,290.100006103516,554846469.988802
83,290.100006103516,554846470.026371
83,290.200012207031,554846470.063369
83,290.200012207031,554846470.101484
83,290.200012207031,554846470.138999
83,290.200012207031,554846470.176063
83,290.0,554846470.213793
83,290.200012207031,554846470.251299
83,290.0,554846470.288807
83,290.200012207031,554846470.326373
83,290.0,554846470.363908
83,290.200012207031,554846470.401375
83,289.899993896484,554846470.438895
83,289.899993896484,554846470.476160
83,289.899993896484,554846470.513791
83,290.0,554846470.551353
83,290.0,554846470.588781
83,290.0,554846470.625906
83,290.0,554846470.663811
83,289.899993896484,554846470.701351
83,289.700012207031,554846470.738859
83,289.600006103516,554846470.776042
83,289.600006103516,554846470.813846
83,289.600006103516,554846470.851286
83,289.600006103516,554846470.888790
83,289.800018310547,554846470.926124
83,290.100006103516,554846470.963783
83,290.100006103516,554846471.000870
83,290.100006103516,554846471.038811
83,290.200012207031,554846471.076119
83,290.100006103516,554846471.113889
83,290.200012207031,554846471.151298
83,290.200012207031,554846471.188614
83,290.200012207031,554846471.226087
83,290.100006103516,554846471.263751
83,290.100006103516,554846471.301177
83,289.800018310547,554846471.338840
86,289.700012207031,554846471.376352
86,289.300018310547,554846471.413782
86,289.100006103516,554846471.451277
86,289.100006103516,554846471.489969
86,289.0,554846471.526347
86,288.800018310547,554846471.563842
86,288.800018310547,554846471.601097
86,288.800018310547,554846471.638820
86,288.800018310547,554846471.676335
86,288.800018310547,554846471.713744
86,288.899993896484,554846471.751232
86,288.899993896484,554846471.788839
86,288.899993896484,554846471.826335
86,288.899993896484,554846471.863802
86,288.700012207031,554846471.901260
86,288.700012207031,554846471.938832
86,288.700012207031,554846471.976226
86,288.800018310547,554846472.013817
86,288.899993896484,554846472.051213
86,288.899993896484,554846472.088821
86,288.800018310547,554846472.126319
86,288.800018310547,554846472.163794
86,288.800018310547,554846472.201294
86,288.700012207031,554846472.238573
86,288.700012207031,554846472.276232
86,289.0,554846472.313806
87,289.0,554846472.350847
87,289.200012207031,554846472.388819
87,289.300018310547,554846472.426235
87,289.399993896484,554846472.463751
87,289.700012207031,554846472.501208
87,289.800018310547,554846472.538631
87,289.800018310547,554846472.576316
87,290.100006103516,554846472.613817
87,290.5,554846472.651304
87,290.600006103516,554846472.688812
87,291.0,554846472.726318
87,291.300018310547,554846472.763792
87,291.800018310547,554846472.800819
87,292.100006103516,554846472.838785
87,292.5,554846472.876252
87,292.899993896484,554846472.913714
87,293.300018310547,554846472.951285
87,293.800018310547,554846472.988503
87,294.399993896484,554846473.025767
87,294.899993896484,554846473.063585
87,295.399993896484,554846473.101216
87,295.800018310547,554846473.138706
87,296.100006103516,554846473.176275
87,296.5,554846473.213551
87,297.0,554846473.251283
87,297.899993896484,554846473.288721
89,298.300018310547,554846473.326252
89,298.800018310547,554846473.363767
89,299.100006103516,554846473.401226
89,299.700012207031,554846473.438782
89,300.399993896484,554846473.476192
89,300.600006103516,554846473.513787
89,301.300018310547,554846473.551359
89,301.399993896484,554846473.588903
89,302.0,554846473.626256
89,302.399993896484,554846473.663710
89,303.0,554846473.701256
89,303.399993896484,554846473.738755
89,303.5,554846473.776229
89,303.800018310547,554846473.813285
89,304.0,554846473.850867
89,304.300018310547,554846473.888827
89,304.800018310547,554846473.926307
89,304.800018310547,554846473.963747
89,305.200012207031,554846474.000846
89,306.0,554846474.038798
89,306.0,554846474.076286
89,306.0,554846474.113821
89,306.300018310547,554846474.151111
89,306.300018310547,554846474.188815
89,306.200012207031,554846474.226385
89,306.200012207031,554846474.263887
88,306.200012207031,554846474.301302
88,306.399993896484,554846474.338881
88,306.399993896484,554846474.376312
88,306.399993896484,554846474.413886
88,306.399993896484,554846474.451378
88,306.399993896484,554846474.488839
88,306.300018310547,554846474.526138
88,306.200012207031,554846474.563799
88,306.300018310547,554846474.601357
88,306.399993896484,554846474.638813
88,306.399993896484,554846474.676354
88,306.200012207031,554846474.713814
88,306.100006103516,554846474.750974
88,306.0,554846474.788363
88,306.0,554846474.825811
88,305.600006103516,554846474.863788
88,305.5,554846474.901360
88,305.399993896484,554846474.938733
88,305.300018310547,554846474.976493
88,305.300018310547,554846475.013844
88,304.899993896484,554846475.051354
88,304.899993896484,554846475.088767
88,304.899993896484,554846475.126282
88,304.5,554846475.163766
88,304.300018310547,554846475.201123
88,304.300018310547,554846475.238782
88,304.0,554846475.276330
88,303.800018310547,554846475.313969
88,303.600006103516,554846475.351336
88,303.0,554846475.388832
88,302.800018310547,554846475.426277
88,302.399993896484,554846475.463628
88,302.100006103516,554846475.501131
88,302.0,554846475.538758
88,301.399993896484,554846475.576236
88,300.800018310547,554846475.613793
88,300.300018310547,554846475.651432
88,299.800018310547,554846475.688835
88,299.200012207031,554846475.726279
88,298.700012207031,554846475.763584
88,298.300018310547,554846475.801344
88,297.5,554846475.838331
88,297.399993896484,554846475.876325
88,296.899993896484,554846475.913740
88,296.700012207031,554846475.951330
88,296.100006103516,554846475.988827
88,296.0,554846476.026280
88,295.600006103516,554846476.063816
88,295.399993896484,554846476.101357
88,295.100006103516,554846476.138825
88,295.100006103516,554846476.175977
88,295.0,554846476.213687
88,295.0,554846476.251226
88,295.0,554846476.288806
88,294.800018310547,554846476.326244
88,294.600006103516,554846476.363824
88,294.5,554846476.401307
88,294.300018310547,554846476.438814
88,294.300018310547,554846476.476307
88,293.899993896484,554846476.513603
88,293.700012207031,554846476.551418
88,293.700012207031,554846476.588791
88,293.800018310547,554846476.626410
88,293.800018310547,554846476.663790
88,293.800018310547,554846476.701411
88,293.700012207031,554846476.738799
88,293.600006103516,554846476.776394
88,293.399993896484,554846476.813787
88,293.300018310547,554846476.851114
88,293.399993896484,554846476.888761
88,293.200012207031,554846476.926179
88,293.399993896484,554846476.963770
88,293.200012207031,554846477.001014
88,293.0,554846477.038791
88,292.5,554846477.076349
88,292.399993896484,554846477.113764
88,292.5,554846477.151347
88,292.300018310547,554846477.188843
87,292.5,554846477.226421
87,292.399993896484,554846477.263540
87,292.399993896484,554846477.301316
87,292.399993896484,554846477.338793
87,292.300018310547,554846477.376381
87,292.300018310547,554846477.413862
87,292.300018310547,554846477.450914
87,292.300018310547,554846477.488776
87,292.300018310547,554846477.526394
87,292.200012207031,554846477.563708
87,291.899993896484,554846477.601401
87,292.200012207031,554846477.638671
87,292.100006103516,554846477.676409
87,292.200012207031,554846477.713693
87,292.200012207031,554846477.751345
87,292.300018310547,554846477.788695
87,292.200012207031,554846477.826315
87,292.300018310547,554846477.863763
87,292.200012207031,554846477.901385
87,292.300018310547,554846477.938863
87,292.300018310547,554846477.976521
87,292.300018310547,554846478.013811
87,292.200012207031,554846478.051354
87,292.100006103516,554846478.088824
87,292.200012207031,554846478.126400
87,292.100006103516,554846478.163859
87,292.200012207031,554846478.201389
87,292.200012207031,554846478.238459
87,292.300018310547,554846478.276320
87,292.300018310547,554846478.313797
87,292.300018310547,554846478.351286
87,292.300018310547,554846478.388632
87,292.100006103516,554846478.426347
87,292.100006103516,554846478.463749
87,292.200012207031,554846478.501359
87,292.200012207031,554846478.538822
87,292.200012207031,554846478.576384
87,292.100006103516,554846478.613872
87,292.100006103516,554846478.651310
87,292.100006103516,554846478.688873
87,292.100006103516,554846478.726284
87,292.0,554846478.763868
87,292.0,554846478.801367
87,291.800018310547,554846478.838875
87,291.600006103516,554846478.876304
87,291.5,554846478.913778
87,291.5,554846478.951325
87,291.5,554846478.988517
87,291.399993896484,554846479.026106
87,291.300018310547,554846479.063838
87,291.399993896484,554846479.101310
87,291.399993896484,554846479.138380
86,291.399993896484,554846479.176290
86,291.399993896484,554846479.213782
86,291.300018310547,554846479.251353
86,291.300018310547,554846479.288608
86,291.200012207031,554846479.326236
86,291.300018310547,554846479.363766
86,291.200012207031,554846479.401284
86,291.300018310547,554846479.438819
86,291.200012207031,554846479.476358
86,291.200012207031,554846479.513844
86,291.100006103516,554846479.551336
86,290.899993896484,554846479.588791
86,291.100006103516,554846479.626313
86,290.899993896484,554846479.663814
86,290.899993896484,554846479.701265
86,290.700012207031,554846479.738826
86,290.899993896484,554846479.776328
86,291.100006103516,554846479.813767
86,291.100006103516,554846479.851091
86,291.100006103516,554846479.888680
86,291.0,554846479.926254
86,291.0,554846479.963813
86,290.800018310547,554846480.000859
86,290.700012207031,554846480.038819
86,290.800018310547,554846480.076312
86,290.800018310547,554846480.113309
86,290.899993896484,554846480.151329
86,290.899993896484,554846480.188636
86,291.0,554846480.226313
86,290.800018310547,554846480.263572
86,291.0,554846480.301295
86,290.800018310547,554846480.338818
86,290.800018310547,554846480.376225
86,290.800018310547,554846480.413937
86,290.899993896484,554846480.451327
86,290.899993896484,554846480.488822
86,290.899993896484,554846480.526316
86,290.5,554846480.563816
86,290.700012207031,554846480.601365
86,290.700012207031,554846480.638718
86,290.700012207031,554846480.676293
86,290.600006103516,554846480.713668
86,290.5,554846480.751632
86,290.5,554846480.788531
86,290.399993896484,554846480.826306
86,290.399993896484,554846480.863743
86,290.399993896484,554846480.901308
86,290.200012207031,554846480.938733
86,290.200012207031,554846480.976344
86,290.100006103516,554846481.013796
86,290.0,554846481.051083
86,290.0,554846481.088787
85,290.100006103516,554846481.126163
85,290.200012207031,554846481.163713
85,290.200012207031,554846481.201230
85,290.200012207031,554846481.238504
85,290.200012207031,554846481.276230
85,290.200012207031,554846481.313554
85,290.200012207031,554846481.351331
85,290.300018310547,554846481.388779
85,290.300018310547,554846481.426398
85,290.300018310547,554846481.463788
85,290.399993896484,554846481.501290
85,290.399993896484,554846481.538784
85,290.399993896484,554846481.576286
85,290.300018310547,554846481.613783
85,290.300018310547,554846481.651259
85,290.600006103516,554846481.688787
85,290.600006103516,554846481.726320
85,290.600006103516,554846481.763668
85,290.399993896484,554846481.801267
85,290.399993896484,554846481.838760
85,290.399993896484,554846481.876387
85,290.399993896484,554846481.913780
85,290.300018310547,554846481.951355
85,290.300018310547,554846481.988825
85,290.300018310547,554846482.026053
85,290.200012207031,554846482.063827
85,290.200012207031,554846482.101405
85,290.100006103516,554846482.138828
85,289.899993896484,554846482.176321
85,289.899993896484,554846482.213827
85,289.899993896484,554846482.251456
85,289.899993896484,554846482.288805
85,289.899993896484,554846482.326280
85,289.899993896484,554846482.363863
85,289.899993896484,554846482.401376
85,289.899993896484,554846482.438854
85,289.899993896484,554846482.476421
85,289.800018310547,554846482.513924
85,289.800018310547,554846482.551175
85,289.800018310547,554846482.588800
85,289.899993896484,554846482.626392
85,289.899993896484,554846482.663875
85,289.899993896484,554846482.701366
85,289.800018310547,554846482.738831
85,289.800018310547,554846482.776167
85,289.800018310547,554846482.813735
85,289.800018310547,554846482.851277
85,289.800018310547,554846482.888860
85,289.800018310547,554846482.926357
85,289.700012207031,554846482.963797
85,289.700012207031,554846483.000834
85,289.700012207031,554846483.038945
85,289.899993896484,554846483.076306
85,289.899993896484,554846483.113878
85,289.899993896484,554846483.151258
85,289.899993896484,554846483.188859
85,289.899993896484,554846483.226418
85,289.899993896484,554846483.263780
85,289.800018310547,554846483.301106
85,289.800018310547,554846483.338855
85,289.899993896484,554846483.376294
85,290.0,554846483.413744
85,290.200012207031,554846483.451335
85,290.200012207031,554846483.488772
85,290.200012207031,554846483.526254
85,290.200012207031,554846483.563768
85,290.5,554846483.601098
85,290.5,554846483.638781
85,290.5,554846483.676351
85,290.600006103516,554846483.713580
85,291.0,554846483.751213
85,291.700012207031,554846483.788850
85,291.700012207031,554846483.826370
85,292.399993896484,554846483.863808
85,292.600006103516,554846483.901283
85,293.0,554846483.938826
85,293.399993896484,554846483.976336
85,294.100006103516,554846484.013874
85,294.5,554846484.051108
85,295.5,554846484.088808
85,295.700012207031,554846484.126112
85,296.5,554846484.163622
85,296.899993896484,554846484.201334
85,297.5,554846484.238582
85,298.0,554846484.276317
85,298.600006103516,554846484.313899
85,299.100006103516,554846484.351342
85,299.800018310547,554846484.388826
85,300.0,554846484.426235
85,300.399993896484,554846484.463763
85,300.899993896484,554846484.501307
85,301.0,554846484.538787
85,301.600006103516,554846484.576300
85,301.899993896484,554846484.613809
85,302.200012207031,554846484.651236
85,302.399993896484,554846484.688749
85,302.700012207031,554846484.726109
85,303.100006103516,554846484.763603
85,303.200012207031,554846484.801360
85,303.200012207031,554846484.838736
85,303.399993896484,554846484.876237
85,303.5,554846484.913738
85,303.600006103516,554846484.951240
85,303.600006103516,554846484.988711
84,303.300018310547,554846485.026085
84,303.300018310547,554846485.063471
84,303.300018310547,554846485.101222
84,303.300018310547,554846485.138911
84,303.100006103516,554846485.175902
84,303.100006103516,554846485.213717
84,303.100006103516,554846485.251234
84,302.800018310547,554846485.288726
84,302.800018310547,554846485.326287
84,302.5,554846485.363714
84,302.5,554846485.401286
84,302.300018310547,554846485.438930
84,302.200012207031,554846485.476226
84,302.0,554846485.513845
84,301.5,554846485.551218
84,301.300018310547,554846485.588788
84,300.899993896484,554846485.626196
84,300.399993896484,554846485.663690
84,300.100006103516,554846485.701044
84,299.5,554846485.738844
84,299.200012207031,554846485.775975
84,298.399993896484,554846485.813701
84,297.800018310547,554846485.851212
84,297.399993896484,554846485.888691
84,296.800018310547,554846485.925858
84,296.5,554846485.963837
83,295.700012207031,554846486.000884
83,295.300018310547,554846486.038901
83,295.200012207031,554846486.076400
83,294.899993896484,554846486.113913
83,294.5,554846486.151266
83,293.899993896484,554846486.188837
83,293.5,554846486.226391
83,293.0,554846486.263885
83,292.600006103516,554846486.301289
83,292.200012207031,554846486.338891
83,291.899993896484,554846486.376325
83,291.399993896484,554846486.413656
83,291.300018310547,554846486.451322
83,291.399993896484,554846486.488895
83,291.300018310547,554846486.526285
83,291.399993896484,554846486.563809
83,291.0,554846486.601383
83,291.100006103516,554846486.638653
83,291.100006103516,554846486.676364
83,291.100006103516,554846486.713771
83,291.0,554846486.751132
83,291.0,554846486.788872
83,291.100006103516,554846486.826148
83,291.100006103516,554846486.863859
83,291.100006103516,554846486.901359
83,291.200012207031,554846486.938427
83,291.200012207031,554846486.976285
83,291.300018310547,554846487.013927
83,291.399993896484,554846487.051290
83,291.5,554846487.088801
83,291.600006103516,554846487.126349
83,291.5,554846487.163628
83,291.399993896484,554846487.201298
83,291.399993896484,554846487.238874
83,291.5,554846487.276295
83,291.600006103516,554846487.313798
83,291.600006103516,554846487.351309
83,291.600006103516,554846487.388729
83,291.600006103516,554846487.426270
83,291.600006103516,554846487.463835
83,291.700012207031,554846487.501268
83,291.700012207031,554846487.538776
83,291.700012207031,554846487.576351
83,291.899993896484,554846487.613844
83,291.899993896484,554846487.651319
83,291.899993896484,554846487.688787
83,291.800018310547,554846487.726344
83,291.700012207031,554846487.763626
83,291.700012207031,554846487.801317
83,291.5,554846487.838759
83,291.899993896484,554846487.876267
83,291.399993896484,554846487.913809
83,291.5,554846487.950725
83,291.399993896484,554846487.988820
83,291.5,554846488.026102
83,291.399993896484,554846488.063794
83,291.5,554846488.101098
83,291.5,554846488.138833
83,291.5,554846488.176258
83,291.5,554846488.213834
83,291.5,554846488.251098
83,291.5,554846488.288743
83,291.600006103516,554846488.326252
83,291.800018310547,554846488.363832
83,291.800018310547,554846488.401326
83,292.0,554846488.438743
83,292.200012207031,554846488.476308
83,292.300018310547,554846488.513747
83,292.5,554846488.551359
83,292.800018310547,554846488.588421
83,293.200012207031,554846488.626089
83,293.600006103516,554846488.663826
83,293.700012207031,554846488.700858
83,294.0,554846488.738813
83,294.300018310547,554846488.776252
83,294.399993896484,554846488.813281
83,294.700012207031,554846488.850803
83,295.5,554846488.888816
83,295.600006103516,554846488.926006
83,295.700012207031,554846488.963517
83,295.800018310547,554846489.000794
83,296.200012207031,554846489.038714
83,296.600006103516,554846489.076226
83,296.700012207031,554846489.113772
83,297.100006103516,554846489.151284
83,297.399993896484,554846489.188777
83,297.600006103516,554846489.226313
83,298.0,554846489.263734
83,298.200012207031,554846489.301356
83,298.700012207031,554846489.338587
83,298.899993896484,554846489.376233
83,299.200012207031,554846489.413722
83,299.399993896484,554846489.451233
83,300.0,554846489.488795
83,300.5,554846489.526241
83,300.800018310547,554846489.563667
83,301.300018310547,554846489.601408
83,301.5,554846489.638747
83,301.600006103516,554846489.676274
83,301.600006103516,554846489.713774
83,301.600006103516,554846489.751276
83,301.399993896484,554846489.788789
83,301.5,554846489.826220
83,301.5,554846489.863726
83,301.5,554846489.901240
83,301.5,554846489.938760
83,301.200012207031,554846489.976010
83,301.0,554846490.013403
83,300.899993896484,554846490.051273
83,300.600006103516,554846490.088505
83,300.600006103516,554846490.125773
83,300.600006103516,554846490.163872
83,300.100006103516,554846490.201086
83,299.700012207031,554846490.238765
83,299.399993896484,554846490.276388
83,298.600006103516,554846490.313823
83,297.700012207031,554846490.351060
83,297.300018310547,554846490.388654
83,296.800018310547,554846490.426140
83,296.300018310547,554846490.463875
83,295.399993896484,554846490.501395
83,295.399993896484,554846490.538855
83,294.899993896484,554846490.576317
83,294.300018310547,554846490.613872
83,294.300018310547,554846490.651320
83,294.200012207031,554846490.688821
83,294.0,554846490.726339
83,293.899993896484,554846490.763866
83,293.800018310547,554846490.801373
83,293.600006103516,554846490.838926
83,293.399993896484,554846490.876376
83,293.100006103516,554846490.913794
83,293.100006103516,554846490.951377
83,293.100006103516,554846490.988809
83,292.899993896484,554846491.025872
83,292.600006103516,554846491.063881
83,292.5,554846491.101368
83,292.5,554846491.138853
83,292.399993896484,554846491.176424
83,292.5,554846491.213869
83,292.5,554846491.251134
83,292.5,554846491.288784
83,292.5,554846491.326232
83,292.399993896484,554846491.363860
83,292.399993896484,554846491.401353
83,292.399993896484,554846491.438594
83,292.399993896484,554846491.476352
83,292.100006103516,554846491.513763
83,292.100006103516,554846491.551119
83,292.100006103516,554846491.588922
83,292.100006103516,554846491.626285
83,292.0,554846491.663858
83,292.0,554846491.701328
83,292.100006103516,554846491.738788
83,292.100006103516,554846491.776365
83,291.899993896484,554846491.813825
83,291.899993896484,554846491.851123
83,292.100006103516,554846491.888842
83,292.200012207031,554846491.926262
83,292.200012207031,554846491.963719
83,292.200012207031,554846492.000809
83,292.5,554846492.038617
83,292.5,554846492.076335
83,292.800018310547,554846492.113506
83,292.899993896484,554846492.151271
83,293.100006103516,554846492.188848
83,293.399993896484,554846492.226294
83,293.800018310547,554846492.263770
83,294.0,554846492.301329
84,294.300018310547,554846492.338825
84,294.600006103516,554846492.376260
84,294.899993896484,554846492.413834
84,295.0,554846492.451246
84,295.300018310547,554846492.526280
84,295.600006103516,554846492.526374
84,296.100006103516,554846492.563629
84,296.100006103516,554846492.601315
84,296.800018310547,554846492.638806
84,296.899993896484,554846492.676301
84,297.700012207031,554846492.713812
84,297.800018310547,554846492.751252
84,298.0,554846492.788927
84,298.0,554846492.826242
84,298.399993896484,554846492.863895
84,298.800018310547,554846492.901221
84,299.300018310547,554846492.938857
84,299.600006103516,554846492.976290
84,299.800018310547,554846493.013546
84,300.0,554846493.051188
84,300.100006103516,554846493.088836
84,300.200012207031,554846493.126290
84,300.100006103516,554846493.163930
84,300.200012207031,554846493.201309
84,300.200012207031,554846493.238924
84,300.200012207031,554846493.276224
84,300.200012207031,554846493.313905
84,300.399993896484,554846493.351313
84,300.399993896484,554846493.388879
84,300.200012207031,554846493.426430
84,300.100006103516,554846493.463915
84,299.899993896484,554846493.501284
84,299.899993896484,554846493.538842
84,299.700012207031,554846493.576324
84,299.5,554846493.613909
84,299.5,554846493.651273
84,299.5,554846493.688704
84,299.300018310547,554846493.726218
84,299.0,554846493.763833
84,298.700012207031,554846493.801214
84,298.5,554846493.838893
84,298.100006103516,554846493.876346
84,298.100006103516,554846493.913964
84,297.5,554846493.951061
84,297.399993896484,554846493.988868
84,297.100006103516,554846494.026386
84,297.100006103516,554846494.063859
84,296.600006103516,554846494.101255
84,296.300018310547,554846494.138584
84,296.300018310547,554846494.176415
84,296.100006103516,554846494.213892
84,296.0,554846494.250986
84,295.800018310547,554846494.288888
84,295.600006103516,554846494.326396
84,295.600006103516,554846494.363958
84,295.600006103516,554846494.401337
84,295.5,554846494.438824
84,295.5,554846494.476322
84,295.399993896484,554846494.513828
84,295.300018310547,554846494.551300
84,295.100006103516,554846494.588915
84,294.899993896484,554846494.626057
84,294.899993896484,554846494.663647
84,294.800018310547,554846494.701377
84,294.600006103516,554846494.739005
84,294.600006103516,554846494.776295
84,294.5,554846494.813820
84,294.5,554846494.851379
84,294.399993896484,554846494.888878
84,294.399993896484,554846494.926279
84,294.399993896484,554846494.963809
84,294.399993896484,554846495.000883
84,294.300018310547,554846495.038570
84,294.100006103516,554846495.076198
84,294.0,554846495.113825
84,294.100006103516,554846495.151361
84,294.100006103516,554846495.188781
84,294.100006103516,554846495.226245
83,293.899993896484,554846495.263855
83,293.899993896484,554846495.301298
83,293.899993896484,554846495.338700
83,293.899993896484,554846495.376180
83,293.800018310547,554846495.413855
83,293.800018310547,554846495.451296
83,293.800018310547,554846495.488803
83,293.800018310547,554846495.526298
83,293.700012207031,554846495.563794
83,293.800018310547,554846495.601370
83,293.700012207031,554846495.638850
83,293.700012207031,554846495.675969
83,293.5,554846495.713599
83,293.700012207031,554846495.751287
83,293.600006103516,554846495.788838
83,293.600006103516,554846495.826329
83,293.600006103516,554846495.863790
83,293.600006103516,554846495.901267
83,293.700012207031,554846495.938788
83,293.5,554846495.976272
83,293.700012207031,554846496.013510
83,293.800018310547,554846496.051270
83,293.899993896484,554846496.088854
83,293.899993896484,554846496.126132
83,293.899993896484,554846496.163898
83,293.800018310547,554846496.201355
83,293.899993896484,554846496.238847
83,293.899993896484,554846496.276248
83,293.899993896484,554846496.313914
83,294.0,554846496.350895
83,294.399993896484,554846496.388818
83,294.5,554846496.426343
83,294.5,554846496.501382
83,294.700012207031,554846496.501487
83,294.899993896484,554846496.538876
83,295.0,554846496.576316
83,295.0,554846496.613761
83,295.5,554846496.651264
83,295.700012207031,554846496.688729
83,295.700012207031,554846496.726259
83,295.899993896484,554846496.763819
83,296.100006103516,554846496.801247
83,296.300018310547,554846496.838858
83,296.5,554846496.876124
83,296.899993896484,554846496.913831
83,296.899993896484,554846496.951198
83,297.200012207031,554846496.988806
83,297.399993896484,554846497.026242
83,298.0,554846497.063494
83,298.200012207031,554846497.101256
83,298.700012207031,554846497.138748
83,298.800018310547,554846497.176300
82,299.300018310547,554846497.213559
82,299.399993896484,554846497.251217
82,299.600006103516,554846497.288728
82,299.800018310547,554846497.326213
82,299.899993896484,554846497.363900
82,299.899993896484,554846497.400746
82,299.899993896484,554846497.438336
82,299.899993896484,554846497.476312
82,299.899993896484,554846497.513790
82,299.899993896484,554846497.551075
82,299.899993896484,554846497.773371
82,299.800018310547,554846497.807121
82,299.700012207031,554846497.844809
82,299.700012207031,554846497.882141
82,299.700012207031,554846497.920088
82,299.700012207031,554846497.957388
82,299.600006103516,554846497.995084
82,299.300018310547,554846498.032269
82,299.300018310547,554846498.070301
82,299.300018310547,554846498.107654
82,299.100006103516,554846498.145109
82,299.100006103516,554846498.182180
82,298.899993896484,554846498.220084
82,298.5,554846498.257394
82,298.5,554846498.295198
82,298.399993896484,554846498.332712
82,298.100006103516,554846498.369933
82,298.0,554846498.407405
82,297.600006103516,554846498.444747
82,297.5,554846498.482578
82,297.399993896484,554846498.520044
82,297.100006103516,554846498.557771
82,296.899993896484,554846498.595266
82,296.600006103516,554846498.632766
82,296.600006103516,554846498.670274
82,296.5,554846498.707751
82,296.399993896484,554846498.745189
82,296.200012207031,554846498.782532
82,295.800018310547,554846498.820048
82,295.700012207031,554846498.857674
82,295.700012207031,554846498.895246
82,295.399993896484,554846498.932356
82,295.300018310547,554846498.970043
82,295.100006103516,554846499.007705
82,295.100006103516,554846499.045195
82,295.100006103516,554846499.082765
82,295.0,554846499.120198
82,294.899993896484,554846499.157771
82,294.700012207031,554846499.195276
82,294.399993896484,554846499.232751
82,294.300018310547,554846499.270245
82,294.300018310547,554846499.307709
81,294.399993896484,554846499.345200
81,294.399993896484,554846499.382501
81,294.5,554846499.420047
81,294.5,554846499.457901
81,294.5,554846499.495196
81,294.5,554846499.532776
81,294.5,554846499.570233
81,294.5,554846499.607508
81,294.5,554846499.645243
81,294.600006103516,554846499.682658
81,294.600006103516,554846499.720240
81,294.5,554846499.757735
81,294.399993896484,554846499.795156
81,294.300018310547,554846499.832657
81,294.300018310547,554846499.870230
81,294.399993896484,554846499.907767
81,294.399993896484,554846499.945228
81,294.300018310547,554846499.982507
81,294.300018310547,554846500.020425
81,294.300018310547,554846500.057675
81,294.300018310547,554846500.095248
81,294.300018310547,554846500.132732
81,294.300018310547,554846500.170234
81,294.300018310547,554846500.207724
81,294.399993896484,554846500.245242
81,294.300018310547,554846500.282877
81,294.399993896484,554846500.320244
81,294.200012207031,554846500.357723
81,294.399993896484,554846500.395206
81,294.300018310547,554846500.432361
81,294.399993896484,554846500.470213
81,294.399993896484,554846500.507850
81,294.399993896484,554846500.545211
81,294.399993896484,554846500.582482
81,294.399993896484,554846500.620159
81,294.399993896484,554846500.657719
81,294.399993896484,554846500.695161
81,294.399993896484,554846500.732714
81,294.399993896484,554846500.770255
81,294.700012207031,554846500.807712
81,294.700012207031,554846500.845155
81,294.899993896484,554846500.882760
81,295.100006103516,554846500.920157
81,295.300018310547,554846500.957399
81,295.300018310547,554846500.995157
81,295.399993896484,554846501.032617
81,295.800018310547,554846501.070144
81,295.899993896484,554846501.107468
81,296.300018310547,554846501.144990
81,296.399993896484,554846501.182192
81,296.800018310547,554846501.220210
81,296.899993896484,554846501.257302
82,297.200012207031,554846501.295126
82,297.200012207031,554846501.332704
82,297.899993896484,554846501.370141
82,298.200012207031,554846501.407688
82,298.200012207031,554846501.445146
82,298.800018310547,554846501.482721
82,299.100006103516,554846501.520208
82,299.5,554846501.557668
82,299.700012207031,554846501.595207
82,300.0,554846501.632689
82,300.300018310547,554846501.670161
82,300.600006103516,554846501.707552
82,301.100006103516,554846501.745330
82,301.100006103516,554846501.782636
82,301.399993896484,554846501.820144
82,302.0,554846501.857609
82,302.300018310547,554846501.895196
82,302.399993896484,554846501.932759
82,303.0,554846501.970182
82,303.100006103516,554846502.007624
82,303.300018310547,554846502.045169
82,303.600006103516,554846502.082680
82,303.899993896484,554846502.120176
82,304.0,554846502.157606
82,304.300018310547,554846502.195109
82,304.5,554846502.232728
83,304.5,554846502.269609
83,304.600006103516,554846502.307686
83,304.800018310547,554846502.345109
83,304.800018310547,554846502.382626
83,305.300018310547,554846502.419973
83,305.300018310547,554846502.457811
83,305.300018310547,554846502.495310
83,305.399993896484,554846502.532454
83,305.700012207031,554846502.570312
83,305.800018310547,554846502.607859
83,305.800018310547,554846502.645279
83,305.899993896484,554846502.682768
83,305.899993896484,554846502.720276
83,306.0,554846502.757734
83,306.0,554846502.795288
83,306.0,554846502.832591
83,306.0,554846502.870300
83,306.300018310547,554846502.907581
83,306.399993896484,554846502.945303
83,306.399993896484,554846502.982800
83,306.399993896484,554846503.020283
83,306.600006103516,554846503.057713
83,306.700012207031,554846503.094887
83,306.700012207031,554846503.132659
83,306.700012207031,554846503.170291
83,307.100006103516,554846503.207597
83,307.100006103516,554846503.245295
83,306.600006103516,554846503.282186
83,306.600006103516,554846503.320182
83,306.800018310547,554846503.357767
83,306.800018310547,554846503.395138
83,306.800018310547,554846503.432700
83,306.800018310547,554846503.470272
83,306.800018310547,554846503.507784
83,306.800018310547,554846503.545250
83,306.600006103516,554846503.582703
83,306.5,554846503.620220
83,306.5,554846503.657789
83,306.600006103516,554846503.695212
83,306.600006103516,554846503.732699
83,306.700012207031,554846503.770186
83,306.800018310547,554846503.807671
83,306.800018310547,554846503.845251
83,306.800018310547,554846503.883058
83,306.800018310547,554846503.920281
83,306.800018310547,554846503.957776
83,306.600006103516,554846503.995052
83,306.600006103516,554846504.032753
83,306.600006103516,554846504.070200
83,306.600006103516,554846504.107537
83,306.5,554846504.145196
83,306.300018310547,554846504.182266
83,306.200012207031,554846504.220182
83,306.100006103516,554846504.257778
83,306.0,554846504.294915
83,305.700012207031,554846504.332754
83,305.399993896484,554846504.370218
83,305.100006103516,554846504.407681
83,304.800018310547,554846504.445007
83,304.800018310547,554846504.482735
83,304.300018310547,554846504.520033
83,303.899993896484,554846504.557758
83,303.600006103516,554846504.595148
83,303.399993896484,554846504.632675
83,303.0,554846504.670229
83,302.600006103516,554846504.707766
83,302.0,554846504.745180
83,301.399993896484,554846504.782704
83,300.899993896484,554846504.820240
83,300.800018310547,554846504.857665
83,300.5,554846504.895241
83,300.300018310547,554846504.932731
83,300.200012207031,554846504.970161
83,300.0,554846505.007735
83,299.800018310547,554846505.045224
83,299.600006103516,554846505.082681
83,299.5,554846505.120181
83,299.399993896484,554846505.157737
83,299.300018310547,554846505.195096
83,299.300018310547,554846505.232710
83,299.100006103516,554846505.270243
83,298.899993896484,554846505.307561
83,298.899993896484,554846505.345222
83,298.800018310547,554846505.382747
83,298.800018310547,554846505.420194
83,298.800018310547,554846505.457654
83,298.5,554846505.495158
83,298.5,554846505.532742
83,298.399993896484,554846505.570206
83,298.399993896484,554846505.607721
83,298.399993896484,554846505.645177
83,298.399993896484,554846505.682639
83,298.399993896484,554846505.720156
83,298.399993896484,554846505.757707
83,298.399993896484,554846505.795160
83,298.399993896484,554846505.832484
83,298.300018310547,554846505.870141
83,298.300018310547,554846505.907697
83,298.399993896484,554846505.945349
83,298.399993896484,554846505.982644
83,298.100006103516,554846506.020199
83,298.100006103516,554846506.057689
83,298.100006103516,554846506.095189
83,298.100006103516,554846506.132672
83,298.0,554846506.170179
83,298.0,554846506.207229
83,298.0,554846506.245209
83,298.0,554846506.282718
83,297.899993896484,554846506.319998
83,297.899993896484,554846506.357638
83,298.0,554846506.395263
83,298.100006103516,554846506.432634
83,298.100006103516,554846506.470223
83,298.100006103516,554846506.507837
83,298.0,554846506.545321
83,297.800018310547,554846506.582832
83,297.800018310547,554846506.620332
83,297.700012207031,554846506.657741
83,297.700012207031,554846506.695227
83,297.700012207031,554846506.732755
83,297.899993896484,554846506.770083
83,297.899993896484,554846506.807817
83,297.899993896484,554846506.845322
83,297.600006103516,554846506.882812
83,297.600006103516,554846506.920318
83,297.700012207031,554846506.957832
83,297.700012207031,554846506.995324
83,297.800018310547,554846507.032828
83,297.700012207031,554846507.070326
83,297.800018310547,554846507.107821
84,297.800018310547,554846507.145117
84,297.899993896484,554846507.182311
84,297.899993896484,554846507.220322
84,298.0,554846507.257775
84,298.100006103516,554846507.294827
84,298.200012207031,554846507.332734
84,298.700012207031,554846507.370270
84,299.0,554846507.407810
84,299.300018310547,554846507.445106
84,299.300018310547,554846507.482979
84,299.5,554846507.520225
84,299.800018310547,554846507.557861
84,300.0,554846507.595315
84,300.200012207031,554846507.632822
84,300.600006103516,554846507.670292
84,300.700012207031,554846507.707391
84,300.800018310547,554846507.745076
84,301.200012207031,554846507.782787
84,301.200012207031,554846507.820091
84,301.300018310547,554846507.857284
84,301.399993896484,554846507.895113
84,301.600006103516,554846507.932761
84,301.700012207031,554846507.969774
84,301.899993896484,554846508.007376
84,301.899993896484,554846508.044936
84,301.899993896484,554846508.082354
86,302.0,554846508.119809
86,302.0,554846508.157468
86,302.0,554846508.194968
86,301.899993896484,554846508.232468
86,302.100006103516,554846508.270649
86,302.200012207031,554846508.307352
86,302.200012207031,554846508.345102
86,301.800018310547,554846508.382244
86,301.700012207031,554846508.419777
86,301.600006103516,554846508.457395
86,301.100006103516,554846508.494860
86,301.0,554846508.532325
86,300.800018310547,554846508.569845
86,300.600006103516,554846508.607322
86,300.300018310547,554846508.644876
86,300.100006103516,554846508.682440
86,299.700012207031,554846508.720003
86,299.5,554846508.757399
86,299.200012207031,554846508.795201
86,299.0,554846508.832888
86,298.600006103516,554846508.870273
86,298.399993896484,554846508.907731
86,298.200012207031,554846508.944993
86,298.100006103516,554846508.982555
86,297.800018310547,554846509.019923
86,297.600006103516,554846509.057704
87,297.399993896484,554846509.095170
87,297.200012207031,554846509.132476
87,297.0,554846509.169920
87,296.899993896484,554846509.207306
87,296.899993896484,554846509.244842
87,296.800018310547,554846509.282395
87,296.700012207031,554846509.319892
87,296.5,554846509.357946
87,296.300018310547,554846509.396550
87,296.300018310547,554846509.432469
87,296.300018310547,554846509.469601
87,296.200012207031,554846509.507304
87,296.200012207031,554846509.544689
87,296.200012207031,554846509.582380
87,296.300018310547,554846509.619757
87,296.200012207031,554846509.657318
87,296.200012207031,554846509.695254
87,296.200012207031,554846509.732881
87,296.100006103516,554846509.770012
87,296.0,554846509.807873
87,296.0,554846509.845280
87,295.899993896484,554846509.882741
87,295.800018310547,554846509.920170
87,295.800018310547,554846509.957532
87,295.700012207031,554846509.995222
87,295.800018310547,554846510.032780
87,295.700012207031,554846510.070171
87,295.899993896484,554846510.107847
87,295.700012207031,554846510.145006
87,295.899993896484,554846510.182395
87,295.800018310547,554846510.220359
87,295.800018310547,554846510.257819
87,295.800018310547,554846510.295182
87,295.800018310547,554846510.332822
87,295.899993896484,554846510.370251
87,295.800018310547,554846510.407801
87,295.700012207031,554846510.445090
87,295.700012207031,554846510.482868
87,295.5,554846510.520179
91,295.5,554846510.557763
91,295.700012207031,554846510.595268
91,295.899993896484,554846510.632848
91,295.700012207031,554846510.670077
91,295.700012207031,554846510.707790
91,295.700012207031,554846510.745334
91,295.700012207031,554846510.782995
91,295.700012207031,554846510.820356
91,295.600006103516,554846510.857806
91,295.600006103516,554846510.895134
91,295.600006103516,554846510.932852
91,295.5,554846510.970353
91,295.399993896484,554846511.007770
91,295.399993896484,554846511.045259
91,295.399993896484,554846511.082751
91,295.399993896484,554846511.120309
91,295.300018310547,554846511.157519
91,295.200012207031,554846511.194985
91,295.300018310547,554846511.232769
91,295.200012207031,554846511.270314
91,295.0,554846511.307837
91,294.700012207031,554846511.345328
91,294.700012207031,554846511.382504
91,294.600006103516,554846511.420340
91,294.399993896484,554846511.457772
91,293.899993896484,554846511.495341
93,293.5,554846511.532833
93,293.300018310547,554846511.570335
93,293.300018310547,554846511.607837
93,293.200012207031,554846511.645341
93,293.100006103516,554846511.682575
93,293.0,554846511.720261
93,292.899993896484,554846511.757837
93,292.899993896484,554846511.795081
93,292.899993896484,554846511.832759
93,293.100006103516,554846511.870304
93,293.100006103516,554846511.907756
93,292.800018310547,554846511.945330
93,292.800018310547,554846511.982825
93,292.800018310547,554846512.020310
93,292.800018310547,554846512.057831
93,292.700012207031,554846512.095274
93,292.800018310547,554846512.132723
93,292.800018310547,554846512.170237
93,292.899993896484,554846512.207285
93,292.899993896484,554846512.245095
93,292.600006103516,554846512.282785
93,292.5,554846512.320302
93,292.5,554846512.357491
93,292.5,554846512.395313
93,292.600006103516,554846512.432755
93,292.600006103516,554846512.470245
93,292.600006103516,554846512.507600
93,292.600006103516,554846512.545111
93,292.600006103516,554846512.582811
93,292.399993896484,554846512.620080
93,292.399993896484,554846512.657600
93,292.399993896484,554846512.695093
93,292.399993896484,554846512.732799
93,292.5,554846512.770222
93,292.300018310547,554846512.807716
93,292.399993896484,554846512.845221
93,292.399993896484,554846512.882712
93,292.5,554846512.920311
93,292.5,554846512.957787
93,292.399993896484,554846512.995212
93,292.300018310547,554846513.032849
93,292.300018310547,554846513.070219
93,292.300018310547,554846513.107746
93,292.300018310547,554846513.145390
93,292.300018310547,554846513.182224
93,292.200012207031,554846513.220084
93,292.399993896484,554846513.257757
93,292.200012207031,554846513.295079
93,292.200012207031,554846513.332542
93,292.100006103516,554846513.369903
93,292.100006103516,554846513.407762
93,292.200012207031,554846513.445539
92,292.300018310547,554846513.482559
92,292.300018310547,554846513.520170
92,292.300018310547,554846513.557770
92,292.300018310547,554846513.604163
92,292.300018310547,554846513.632708
92,292.300018310547,554846513.670268
92,292.399993896484,554846513.707776
92,292.300018310547,554846513.745351
92,292.399993896484,554846513.782716
92,292.100006103516,554846513.820258
92,292.399993896484,554846513.857682
92,292.300018310547,554846513.895017
92,292.300018310547,554846513.932654
92,292.300018310547,554846513.969930
92,292.100006103516,554846514.007578
92,292.300018310547,554846514.049315
92,292.100006103516,554846514.082367
