pF,time,sample
258.100006103516,2018-02-05T13:37:47.689,1
258.300018310547,2018-02-05T13:37:47.730,2
259.100006103516,2018-02-05T13:37:47.771,3
259.700012207031,2018-02-05T13:37:47.813,4
260.0,2018-02-05T13:37:47.854,5
260.600006103516,2018-02-05T13:37:47.895,6
261.100006103516,2018-02-05T13:37:47.936,7
261.800018310547,2018-02-05T13:37:47.978,8
262.0,2018-02-05T13:37:48.019,9
262.399993896484,2018-02-05T13:37:48.060,10
263.100006103516,2018-02-05T13:37:48.101,11
263.5,2018-02-05T13:37:48.143,12
264.0,2018-02-05T13:37:48.184,13
264.399993896484,2018-02-05T13:37:48.225,14
265.0,2018-02-05T13:37:48.266,15
265.399993896484,2018-02-05T13:37:48.308,16
266.0,2018-02-05T13:37:48.349,17
266.300018310547,2018-02-05T13:37:48.390,18
266.899993896484,2018-02-05T13:37:48.431,19
266.899993896484,2018-02-05T13:37:48.472,20
267.200012207031,2018-02-05T13:37:48.514,21
267.5,2018-02-05T13:37:48.555,22
267.600006103516,2018-02-05T13:37:48.596,23
267.700012207031,2018-02-05T13:37:48.638,24
267.899993896484,2018-02-05T13:37:48.679,25
267.899993896484,2018-02-05T13:37:48.720,26
268.100006103516,2018-02-05T13:37:48.803,27
268.100006103516,2018-02-05T13:37:48.803,28
267.899993896484,2018-02-05T13:37:48.844,29
267.899993896484,2018-02-05T13:37:48.885,30
267.800018310547,2018-02-05T13:37:48.926,31
267.700012207031,2018-02-05T13:37:48.968,32
266.700012207031,2018-02-05T13:37:49.009,33
266.200012207031,2018-02-05T13:37:49.050,34
265.399993896484,2018-02-05T13:37:49.091,35
264.200012207031,2018-02-05T13:37:49.133,36
262.600006103516,2018-02-05T13:37:49.173,37
260.899993896484,2018-02-05T13:37:49.215,38
259.800018310547,2018-02-05T13:37:49.256,39
259.300018310547,2018-02-05T13:37:49.298,40
258.600006103516,2018-02-05T13:37:49.339,41
258.399993896484,2018-02-05T13:37:49.380,42
258.399993896484,2018-02-05T13:37:49.421,43
260.0,2018-02-05T13:37:49.463,44
261.100006103516,2018-02-05T13:37:49.504,45
261.5,2018-02-05T13:37:49.545,46
261.600006103516,2018-02-05T13:37:49.586,47
261.700012207031,2018-02-05T13:37:49.628,48
261.800018310547,2018-02-05T13:37:49.669,49
261.899993896484,2018-02-05T13:37:49.710,50
261.899993896484,2018-02-05T13:37:49.751,51
261.600006103516,2018-02-05T13:37:49.792,52
261.300018310547,2018-02-05T13:37:49.834,53
261.100006103516,2018-02-05T13:37:49.875,54
260.700012207031,2018-02-05T13:37:49.916,55
260.5,2018-02-05T13:37:49.958,56
259.800018310547,2018-02-05T13:37:49.999,57
258.100006103516,2018-02-05T13:37:50.040,58
256.0,2018-02-05T13:37:50.081,59
254.300003051758,2018-02-05T13:37:50.123,60
252.900009155273,2018-02-05T13:37:50.164,61
252.0,2018-02-05T13:37:50.205,62
250.900009155273,2018-02-05T13:37:50.246,63
250.600006103516,2018-02-05T13:37:50.288,64
249.699996948242,2018-02-05T13:37:50.329,65
249.600006103516,2018-02-05T13:37:50.370,66
249.100006103516,2018-02-05T13:37:50.411,67
248.400009155273,2018-02-05T13:37:50.453,68
248.0,2018-02-05T13:37:50.494,69
248.0,2018-02-05T13:37:50.535,70
248.300003051758,2018-02-05T13:37:50.576,71
248.600006103516,2018-02-05T13:37:50.617,72
249.0,2018-02-05T13:37:50.659,73
249.800003051758,2018-02-05T13:37:50.700,74
251.300003051758,2018-02-05T13:37:50.741,75
252.800003051758,2018-02-05T13:37:50.783,76
253.900009155273,2018-02-05T13:37:50.824,77
254.400009155273,2018-02-05T13:37:50.865,78
255.5,2018-02-05T13:37:50.906,79
256.399993896484,2018-02-05T13:37:50.948,80
256.800018310547,2018-02-05T13:37:50.988,81
257.399993896484,2018-02-05T13:37:51.030,82
258.100006103516,2018-02-05T13:37:51.071,83
258.800018310547,2018-02-05T13:37:51.112,84
260.200012207031,2018-02-05T13:37:51.154,85
260.600006103516,2018-02-05T13:37:51.195,86
261.0,2018-02-05T13:37:51.236,87
261.800018310547,2018-02-05T13:37:51.277,88
261.800018310547,2018-02-05T13:37:51.318,89
261.700012207031,2018-02-05T13:37:51.360,90
260.700012207031,2018-02-05T13:37:51.401,91
260.300018310547,2018-02-05T13:37:51.442,92
258.600006103516,2018-02-05T13:37:51.484,93
256.399993896484,2018-02-05T13:37:51.525,94
255.600006103516,2018-02-05T13:37:51.566,95
254.900009155273,2018-02-05T13:37:51.608,96
254.600006103516,2018-02-05T13:37:51.649,97
254.600006103516,2018-02-05T13:37:51.690,98
254.800003051758,2018-02-05T13:37:51.731,99
255.800003051758,2018-02-05T13:37:51.772,100
256.600006103516,2018-02-05T13:37:51.814,101
257.5,2018-02-05T13:37:51.896,102
257.899993896484,2018-02-05T13:37:51.938,103
258.5,2018-02-05T13:37:51.979,104
258.800018310547,2018-02-05T13:37:52.020,105
258.800018310547,2018-02-05T13:37:52.061,106
258.899993896484,2018-02-05T13:37:52.103,107
259.5,2018-02-05T13:37:52.144,108
259.5,2018-02-05T13:37:52.185,109
258.700012207031,2018-02-05T13:37:52.226,110
257.0,2018-02-05T13:37:52.268,111
255.900009155273,2018-02-05T13:37:52.309,112
255.900009155273,2018-02-05T13:37:52.350,113
256.5,2018-02-05T13:37:52.391,114
257.100006103516,2018-02-05T13:37:52.433,115
257.100006103516,2018-02-05T13:37:52.473,116
256.5,2018-02-05T13:37:52.515,117
256.0,2018-02-05T13:37:52.557,118
256.0,2018-02-05T13:37:52.598,119
256.700012207031,2018-02-05T13:37:52.639,120
257.700012207031,2018-02-05T13:37:52.680,121
258.800018310547,2018-02-05T13:37:52.721,122
259.899993896484,2018-02-05T13:37:52.763,123
260.399993896484,2018-02-05T13:37:52.845,124
262.100006103516,2018-02-05T13:37:52.845,125
263.600006103516,2018-02-05T13:37:52.886,126
263.600006103516,2018-02-05T13:37:52.928,127
262.800018310547,2018-02-05T13:37:52.969,128
262.100006103516,2018-02-05T13:37:53.010,129
260.700012207031,2018-02-05T13:37:53.051,130
260.600006103516,2018-02-05T13:37:53.093,131
260.200012207031,2018-02-05T13:37:53.134,132
259.899993896484,2018-02-05T13:37:53.175,133
259.899993896484,2018-02-05T13:37:53.258,134
260.800018310547,2018-02-05T13:37:53.299,135
261.0,2018-02-05T13:37:53.299,136
261.5,2018-02-05T13:37:53.340,137
261.700012207031,2018-02-05T13:37:53.422,138
261.700012207031,2018-02-05T13:37:53.464,139
261.399993896484,2018-02-05T13:37:53.464,140
259.800018310547,2018-02-05T13:37:53.505,141
259.200012207031,2018-02-05T13:37:53.546,142
258.700012207031,2018-02-05T13:37:53.629,143
258.100006103516,2018-02-05T13:37:53.629,144
257.100006103516,2018-02-05T13:37:53.711,145
256.600006103516,2018-02-05T13:37:53.711,146
255.800003051758,2018-02-05T13:37:53.753,147
253.5,2018-02-05T13:37:53.794,148
253.300003051758,2018-02-05T13:37:53.835,149
253.199996948242,2018-02-05T13:37:53.876,150
253.199996948242,2018-02-05T13:37:53.918,151
254.100006103516,2018-02-05T13:37:53.959,152
256.399993896484,2018-02-05T13:37:54.000,153
256.399993896484,2018-02-05T13:37:54.041,154
255.199996948242,2018-02-05T13:37:54.083,155
254.400009155273,2018-02-05T13:37:54.124,156
254.400009155273,2018-02-05T13:37:54.207,157
255.800003051758,2018-02-05T13:37:54.207,158
255.800003051758,2018-02-05T13:37:54.248,159
255.5,2018-02-05T13:37:54.289,160
254.5,2018-02-05T13:37:54.330,161
253.199996948242,2018-02-05T13:37:54.371,162
253.199996948242,2018-02-05T13:37:54.413,163
254.199996948242,2018-02-05T13:37:54.454,164
256.200012207031,2018-02-05T13:37:54.495,165
257.0,2018-02-05T13:37:54.536,166
257.0,2018-02-05T13:37:54.578,167
257.0,2018-02-05T13:37:54.619,168
256.5,2018-02-05T13:37:54.660,169
256.5,2018-02-05T13:37:54.701,170
257.700012207031,2018-02-05T13:37:54.743,171
260.200012207031,2018-02-05T13:37:54.825,172
263.700012207031,2018-02-05T13:37:54.825,173
267.0,2018-02-05T13:37:54.866,174
271.200012207031,2018-02-05T13:37:54.908,175
272.700012207031,2018-02-05T13:37:54.949,176
272.700012207031,2018-02-05T13:37:54.990,177
269.600006103516,2018-02-05T13:37:55.031,178
265.899993896484,2018-02-05T13:37:55.072,179
262.399993896484,2018-02-05T13:37:55.114,180
258.200012207031,2018-02-05T13:37:55.155,181
255.699996948242,2018-02-05T13:37:55.196,182
254.5,2018-02-05T13:37:55.238,183
254.5,2018-02-05T13:37:55.279,184
255.600006103516,2018-02-05T13:37:55.320,185
256.600006103516,2018-02-05T13:37:55.361,186
256.800018310547,2018-02-05T13:37:55.403,187
256.800018310547,2018-02-05T13:37:55.444,188
256.800018310547,2018-02-05T13:37:55.485,189
256.200012207031,2018-02-05T13:37:55.526,190
255.699996948242,2018-02-05T13:37:55.568,191
254.800003051758,2018-02-05T13:37:55.609,192
254.800003051758,2018-02-05T13:37:55.650,193
255.199996948242,2018-02-05T13:37:55.691,194
255.900009155273,2018-02-05T13:37:55.733,195
257.399993896484,2018-02-05T13:37:55.774,196
257.600006103516,2018-02-05T13:37:55.815,197
258.0,2018-02-05T13:37:55.856,198
258.5,2018-02-05T13:37:55.898,199
259.100006103516,2018-02-05T13:37:55.939,200
260.100006103516,2018-02-05T13:37:55.980,201
261.0,2018-02-05T13:37:56.022,202
261.300018310547,2018-02-05T13:37:56.063,203
261.600006103516,2018-02-05T13:37:56.104,204
261.800018310547,2018-02-05T13:37:56.145,205
262.300018310547,2018-02-05T13:37:56.187,206
263.300018310547,2018-02-05T13:37:56.228,207
263.300018310547,2018-02-05T13:37:56.269,208
260.600006103516,2018-02-05T13:37:56.310,209
259.0,2018-02-05T13:37:56.351,210
257.800018310547,2018-02-05T13:37:56.393,211
257.800018310547,2018-02-05T13:37:56.434,212
257.899993896484,2018-02-05T13:37:56.475,213
258.0,2018-02-05T13:37:56.516,214
257.899993896484,2018-02-05T13:37:56.557,215
257.700012207031,2018-02-05T13:37:56.599,216
257.5,2018-02-05T13:37:56.640,217
257.399993896484,2018-02-05T13:37:56.681,218
257.0,2018-02-05T13:37:56.723,219
256.600006103516,2018-02-05T13:37:56.764,220
256.100006103516,2018-02-05T13:37:56.805,221
255.300003051758,2018-02-05T13:37:56.846,222
254.699996948242,2018-02-05T13:37:56.887,223
254.699996948242,2018-02-05T13:37:56.929,224
254.699996948242,2018-02-05T13:37:56.970,225
254.699996948242,2018-02-05T13:37:57.011,226
254.300003051758,2018-02-05T13:37:57.053,227
254.0,2018-02-05T13:37:57.094,228
253.400009155273,2018-02-05T13:37:57.135,229
253.400009155273,2018-02-05T13:37:57.176,230
253.400009155273,2018-02-05T13:37:57.218,231
253.600006103516,2018-02-05T13:37:57.259,232
254.400009155273,2018-02-05T13:37:57.300,233
255.600006103516,2018-02-05T13:37:57.341,234
256.700012207031,2018-02-05T13:37:57.382,235
258.200012207031,2018-02-05T13:37:57.424,236
259.700012207031,2018-02-05T13:37:57.465,237
261.399993896484,2018-02-05T13:37:57.506,238
263.0,2018-02-05T13:37:57.548,239
264.100006103516,2018-02-05T13:37:57.589,240
265.600006103516,2018-02-05T13:37:57.630,241
266.800018310547,2018-02-05T13:37:57.671,242
267.399993896484,2018-02-05T13:37:57.713,243
267.399993896484,2018-02-05T13:37:57.754,244
267.399993896484,2018-02-05T13:37:57.795,245
266.700012207031,2018-02-05T13:37:57.836,246
265.300018310547,2018-02-05T13:37:57.878,247
263.600006103516,2018-02-05T13:37:57.919,248
262.300018310547,2018-02-05T13:37:57.960,249
260.300018310547,2018-02-05T13:37:58.001,250
258.600006103516,2018-02-05T13:37:58.043,251
256.5,2018-02-05T13:37:58.084,252
254.800003051758,2018-02-05T13:37:58.125,253
253.699996948242,2018-02-05T13:37:58.166,254
252.900009155273,2018-02-05T13:37:58.208,255
252.900009155273,2018-02-05T13:37:58.249,256
253.199996948242,2018-02-05T13:37:58.290,257
253.199996948242,2018-02-05T13:37:58.331,258
254.0,2018-02-05T13:37:58.372,259
254.699996948242,2018-02-05T13:37:58.414,260
256.100006103516,2018-02-05T13:37:58.455,261
256.800018310547,2018-02-05T13:37:58.497,262
257.600006103516,2018-02-05T13:37:58.538,263
258.5,2018-02-05T13:37:58.579,264
258.800018310547,2018-02-05T13:37:58.620,265
259.600006103516,2018-02-05T13:37:58.661,266
260.600006103516,2018-02-05T13:37:58.702,267
261.700012207031,2018-02-05T13:37:58.744,268
262.5,2018-02-05T13:37:58.785,269
263.100006103516,2018-02-05T13:37:58.826,270
263.399993896484,2018-02-05T13:37:58.868,271
263.5,2018-02-05T13:37:58.909,272
263.700012207031,2018-02-05T13:37:58.950,273
263.800018310547,2018-02-05T13:37:58.991,274
265.100006103516,2018-02-05T13:37:59.032,275
265.899993896484,2018-02-05T13:37:59.074,276
266.800018310547,2018-02-05T13:37:59.115,277
267.399993896484,2018-02-05T13:37:59.156,278
267.700012207031,2018-02-05T13:37:59.197,279
267.800018310547,2018-02-05T13:37:59.239,280
267.800018310547,2018-02-05T13:37:59.280,281
267.700012207031,2018-02-05T13:37:59.321,282
267.399993896484,2018-02-05T13:37:59.362,283
267.200012207031,2018-02-05T13:37:59.404,284
267.200012207031,2018-02-05T13:37:59.486,285
267.5,2018-02-05T13:37:59.487,286
267.600006103516,2018-02-05T13:37:59.528,287
267.800018310547,2018-02-05T13:37:59.569,288
268.700012207031,2018-02-05T13:37:59.610,289
268.700012207031,2018-02-05T13:37:59.651,290
269.5,2018-02-05T13:37:59.693,291
269.600006103516,2018-02-05T13:37:59.734,292
269.700012207031,2018-02-05T13:37:59.817,293
270.0,2018-02-05T13:37:59.817,294
270.0,2018-02-05T13:37:59.858,295
270.200012207031,2018-02-05T13:37:59.899,296
270.200012207031,2018-02-05T13:37:59.940,297
270.300018310547,2018-02-05T13:37:59.981,298
270.399993896484,2018-02-05T13:38:00.022,299
270.600006103516,2018-02-05T13:38:00.064,300
270.600006103516,2018-02-05T13:38:00.105,301
270.600006103516,2018-02-05T13:38:00.146,302
270.5,2018-02-05T13:38:00.188,303
270.399993896484,2018-02-05T13:38:00.229,304
270.100006103516,2018-02-05T13:38:00.270,305
270.0,2018-02-05T13:38:00.311,306
269.800018310547,2018-02-05T13:38:00.352,307
269.200012207031,2018-02-05T13:38:00.394,308
268.5,2018-02-05T13:38:00.435,309
268.200012207031,2018-02-05T13:38:00.476,310
267.300018310547,2018-02-05T13:38:00.518,311
266.800018310547,2018-02-05T13:38:00.559,312
266.700012207031,2018-02-05T13:38:00.630,313
266.5,2018-02-05T13:38:00.644,314
266.100006103516,2018-02-05T13:38:00.683,315
265.399993896484,2018-02-05T13:38:00.724,316
264.700012207031,2018-02-05T13:38:00.765,317
263.899993896484,2018-02-05T13:38:00.806,318
263.5,2018-02-05T13:38:00.847,319
263.100006103516,2018-02-05T13:38:00.889,320
262.700012207031,2018-02-05T13:38:00.930,321
262.100006103516,2018-02-05T13:38:00.971,322
261.700012207031,2018-02-05T13:38:01.013,323
260.899993896484,2018-02-05T13:38:01.054,324
260.300018310547,2018-02-05T13:38:01.095,325
259.899993896484,2018-02-05T13:38:01.136,326
259.5,2018-02-05T13:38:01.177,327
259.399993896484,2018-02-05T13:38:01.219,328
259.399993896484,2018-02-05T13:38:01.260,329
259.200012207031,2018-02-05T13:38:01.301,330
258.899993896484,2018-02-05T13:38:01.343,331
258.700012207031,2018-02-05T13:38:01.384,332
257.899993896484,2018-02-05T13:38:01.425,333
257.399993896484,2018-02-05T13:38:01.466,334
256.899993896484,2018-02-05T13:38:01.508,335
256.800018310547,2018-02-05T13:38:01.549,336
256.800018310547,2018-02-05T13:38:01.590,337
257.300018310547,2018-02-05T13:38:01.631,338
257.600006103516,2018-02-05T13:38:01.672,339
258.0,2018-02-05T13:38:01.714,340
258.100006103516,2018-02-05T13:38:01.755,341
258.100006103516,2018-02-05T13:38:01.796,342
258.100006103516,2018-02-05T13:38:01.838,343
257.300018310547,2018-02-05T13:38:01.879,344
257.300018310547,2018-02-05T13:38:01.920,345
257.399993896484,2018-02-05T13:38:01.961,346
257.899993896484,2018-02-05T13:38:02.003,347
258.100006103516,2018-02-05T13:38:02.044,348
258.399993896484,2018-02-05T13:38:02.085,349
258.800018310547,2018-02-05T13:38:02.126,350
259.300018310547,2018-02-05T13:38:02.168,351
259.5,2018-02-05T13:38:02.209,352
260.800018310547,2018-02-05T13:38:02.250,353
261.899993896484,2018-02-05T13:38:02.291,354
262.899993896484,2018-02-05T13:38:02.333,355
264.300018310547,2018-02-05T13:38:02.374,356
265.100006103516,2018-02-05T13:38:02.415,357
265.800018310547,2018-02-05T13:38:02.456,358
267.0,2018-02-05T13:38:02.498,359
268.0,2018-02-05T13:38:02.539,360
268.899993896484,2018-02-05T13:38:02.580,361
270.100006103516,2018-02-05T13:38:02.621,362
270.399993896484,2018-02-05T13:38:02.663,363
270.399993896484,2018-02-05T13:38:02.704,364
270.300018310547,2018-02-05T13:38:02.745,365
270.100006103516,2018-02-05T13:38:02.786,366
269.5,2018-02-05T13:38:02.828,367
269.5,2018-02-05T13:38:02.869,368
269.200012207031,2018-02-05T13:38:02.910,369
269.200012207031,2018-02-05T13:38:02.951,370
268.700012207031,2018-02-05T13:38:02.993,371
268.5,2018-02-05T13:38:03.034,372
268.399993896484,2018-02-05T13:38:03.075,373
268.399993896484,2018-02-05T13:38:03.116,374
268.100006103516,2018-02-05T13:38:03.158,375
268.100006103516,2018-02-05T13:38:03.199,376
268.300018310547,2018-02-05T13:38:03.240,377
268.700012207031,2018-02-05T13:38:03.281,378
268.700012207031,2018-02-05T13:38:03.322,379
268.700012207031,2018-02-05T13:38:03.364,380
268.700012207031,2018-02-05T13:38:03.405,381
269.0,2018-02-05T13:38:03.446,382
270.399993896484,2018-02-05T13:38:03.529,383
271.700012207031,2018-02-05T13:38:03.529,384
271.700012207031,2018-02-05T13:38:03.570,385
271.100006103516,2018-02-05T13:38:03.611,386
268.800018310547,2018-02-05T13:38:03.653,387
268.5,2018-02-05T13:38:03.694,388
268.300018310547,2018-02-05T13:38:03.735,389
268.300018310547,2018-02-05T13:38:03.776,390
267.700012207031,2018-02-05T13:38:03.817,391
266.399993896484,2018-02-05T13:38:03.900,392
265.600006103516,2018-02-05T13:38:03.900,393
265.5,2018-02-05T13:38:03.941,394
265.5,2018-02-05T13:38:03.983,395
266.200012207031,2018-02-05T13:38:04.024,396
266.300018310547,2018-02-05T13:38:04.065,397
266.800018310547,2018-02-05T13:38:04.106,398
267.100006103516,2018-02-05T13:38:04.148,399
268.300018310547,2018-02-05T13:38:04.189,400
268.300018310547,2018-02-05T13:38:04.230,401
268.200012207031,2018-02-05T13:38:04.271,402
265.800018310547,2018-02-05T13:38:04.313,403
264.700012207031,2018-02-05T13:38:04.354,404
264.700012207031,2018-02-05T13:38:04.395,405
264.899993896484,2018-02-05T13:38:04.436,406
264.899993896484,2018-02-05T13:38:04.477,407
264.100006103516,2018-02-05T13:38:04.519,408
263.5,2018-02-05T13:38:04.560,409
263.200012207031,2018-02-05T13:38:04.601,410
263.200012207031,2018-02-05T13:38:04.643,411
263.0,2018-02-05T13:38:04.684,412
263.200012207031,2018-02-05T13:38:04.725,413
263.600006103516,2018-02-05T13:38:04.766,414
263.600006103516,2018-02-05T13:38:04.808,415
265.100006103516,2018-02-05T13:38:04.849,416
265.600006103516,2018-02-05T13:38:04.890,417
265.600006103516,2018-02-05T13:38:04.931,418
262.600006103516,2018-02-05T13:38:04.973,419
259.399993896484,2018-02-05T13:38:05.014,420
259.399993896484,2018-02-05T13:38:05.055,421
259.700012207031,2018-02-05T13:38:05.096,422
260.399993896484,2018-02-05T13:38:05.138,423
260.899993896484,2018-02-05T13:38:05.179,424
261.100006103516,2018-02-05T13:38:05.220,425
261.300018310547,2018-02-05T13:38:05.261,426
261.700012207031,2018-02-05T13:38:05.302,427
262.200012207031,2018-02-05T13:38:05.343,428
262.5,2018-02-05T13:38:05.385,429
262.800018310547,2018-02-05T13:38:05.426,430
263.200012207031,2018-02-05T13:38:05.468,431
264.100006103516,2018-02-05T13:38:05.509,432
265.800018310547,2018-02-05T13:38:05.550,433
266.700012207031,2018-02-05T13:38:05.591,434
266.800018310547,2018-02-05T13:38:05.633,435
266.800018310547,2018-02-05T13:38:05.674,436
266.700012207031,2018-02-05T13:38:05.715,437
266.399993896484,2018-02-05T13:38:05.756,438
266.300018310547,2018-02-05T13:38:05.798,439
266.300018310547,2018-02-05T13:38:05.839,440
265.899993896484,2018-02-05T13:38:05.880,441
265.700012207031,2018-02-05T13:38:05.921,442
265.700012207031,2018-02-05T13:38:05.963,443
265.800018310547,2018-02-05T13:38:06.004,444
266.100006103516,2018-02-05T13:38:06.045,445
266.600006103516,2018-02-05T13:38:06.117,446
267.200012207031,2018-02-05T13:38:06.132,447
268.0,2018-02-05T13:38:06.169,448
269.300018310547,2018-02-05T13:38:06.210,449
270.100006103516,2018-02-05T13:38:06.252,450
271.700012207031,2018-02-05T13:38:06.292,451
272.300018310547,2018-02-05T13:38:06.334,452
272.300018310547,2018-02-05T13:38:06.375,453
271.700012207031,2018-02-05T13:38:06.416,454
271.600006103516,2018-02-05T13:38:06.458,455
271.600006103516,2018-02-05T13:38:06.499,456
271.600006103516,2018-02-05T13:38:06.540,457
271.600006103516,2018-02-05T13:38:06.581,458
271.600006103516,2018-02-05T13:38:06.623,459
270.899993896484,2018-02-05T13:38:06.664,460
270.5,2018-02-05T13:38:06.705,461
270.100006103516,2018-02-05T13:38:06.746,462
269.5,2018-02-05T13:38:06.788,463
269.200012207031,2018-02-05T13:38:06.829,464
269.100006103516,2018-02-05T13:38:06.870,465
269.100006103516,2018-02-05T13:38:06.911,466
269.800018310547,2018-02-05T13:38:06.953,467
270.0,2018-02-05T13:38:06.994,468
270.5,2018-02-05T13:38:07.035,469
270.5,2018-02-05T13:38:07.076,470
270.700012207031,2018-02-05T13:38:07.118,471
270.700012207031,2018-02-05T13:38:07.159,472
270.600006103516,2018-02-05T13:38:07.200,473
269.399993896484,2018-02-05T13:38:07.242,474
268.300018310547,2018-02-05T13:38:07.283,475
267.300018310547,2018-02-05T13:38:07.324,476
266.700012207031,2018-02-05T13:38:07.365,477
265.600006103516,2018-02-05T13:38:07.406,478
265.399993896484,2018-02-05T13:38:07.447,479
265.399993896484,2018-02-05T13:38:07.489,480
266.399993896484,2018-02-05T13:38:07.530,481
266.800018310547,2018-02-05T13:38:07.571,482
267.100006103516,2018-02-05T13:38:07.612,483
267.100006103516,2018-02-05T13:38:07.654,484
266.800018310547,2018-02-05T13:38:07.695,485
266.600006103516,2018-02-05T13:38:07.736,486
266.600006103516,2018-02-05T13:38:07.778,487
268.100006103516,2018-02-05T13:38:07.819,488
268.200012207031,2018-02-05T13:38:07.860,489
268.200012207031,2018-02-05T13:38:07.901,490
267.700012207031,2018-02-05T13:38:07.943,491
265.899993896484,2018-02-05T13:38:07.984,492
265.300018310547,2018-02-05T13:38:08.025,493
264.800018310547,2018-02-05T13:38:08.066,494
264.800018310547,2018-02-05T13:38:08.108,495
264.800018310547,2018-02-05T13:38:08.149,496
264.100006103516,2018-02-05T13:38:08.190,497
264.100006103516,2018-02-05T13:38:08.232,498
264.0,2018-02-05T13:38:08.272,499
264.0,2018-02-05T13:38:08.314,500
264.0,2018-02-05T13:38:08.355,501
264.399993896484,2018-02-05T13:38:08.396,502
264.800018310547,2018-02-05T13:38:08.438,503
265.600006103516,2018-02-05T13:38:08.479,504
267.200012207031,2018-02-05T13:38:08.520,505
268.600006103516,2018-02-05T13:38:08.561,506
268.800018310547,2018-02-05T13:38:08.603,507
268.800018310547,2018-02-05T13:38:08.644,508
266.899993896484,2018-02-05T13:38:08.685,509
266.5,2018-02-05T13:38:08.726,510
266.399993896484,2018-02-05T13:38:08.768,511
266.5,2018-02-05T13:38:08.808,512
266.800018310547,2018-02-05T13:38:08.850,513
267.0,2018-02-05T13:38:08.891,514
267.600006103516,2018-02-05T13:38:08.933,515
268.200012207031,2018-02-05T13:38:08.974,516
268.800018310547,2018-02-05T13:38:09.015,517
269.300018310547,2018-02-05T13:38:10.500,518
269.800018310547,2018-02-05T13:38:10.541,519
270.5,2018-02-05T13:38:10.583,520
271.200012207031,2018-02-05T13:38:10.624,521
272.800018310547,2018-02-05T13:38:10.665,522
272.800018310547,2018-02-05T13:38:10.706,523
272.5,2018-02-05T13:38:10.748,524
271.399993896484,2018-02-05T13:38:10.789,525
271.200012207031,2018-02-05T13:38:10.830,526
271.399993896484,2018-02-05T13:38:10.872,527
272.0,2018-02-05T13:38:10.913,528
272.200012207031,2018-02-05T13:38:10.954,529
272.399993896484,2018-02-05T13:38:10.996,530
272.399993896484,2018-02-05T13:38:11.037,531
272.200012207031,2018-02-05T13:38:11.078,532
272.100006103516,2018-02-05T13:38:11.119,533
271.600006103516,2018-02-05T13:38:11.161,534
271.399993896484,2018-02-05T13:38:11.202,535
271.399993896484,2018-02-05T13:38:11.243,536
271.800018310547,2018-02-05T13:38:11.284,537
272.300018310547,2018-02-05T13:38:11.326,538
272.300018310547,2018-02-05T13:38:11.367,539
272.200012207031,2018-02-05T13:38:11.408,540
272.100006103516,2018-02-05T13:38:11.449,541
270.300018310547,2018-02-05T13:38:11.491,542
269.300018310547,2018-02-05T13:38:11.573,543
269.0,2018-02-05T13:38:11.573,544
268.800018310547,2018-02-05T13:38:11.614,545
268.5,2018-02-05T13:38:11.656,546
268.200012207031,2018-02-05T13:38:11.697,547
268.0,2018-02-05T13:38:11.738,548
267.899993896484,2018-02-05T13:38:11.779,549
267.899993896484,2018-02-05T13:38:11.821,550
267.800018310547,2018-02-05T13:38:11.862,551
268.100006103516,2018-02-05T13:38:11.903,552
268.100006103516,2018-02-05T13:38:11.944,553
268.600006103516,2018-02-05T13:38:11.986,554
268.800018310547,2018-02-05T13:38:12.027,555
269.300018310547,2018-02-05T13:38:12.068,556
269.300018310547,2018-02-05T13:38:12.109,557
268.200012207031,2018-02-05T13:38:12.150,558
264.399993896484,2018-02-05T13:38:12.192,559
264.300018310547,2018-02-05T13:38:12.233,560
264.300018310547,2018-02-05T13:38:12.274,561
264.300018310547,2018-02-05T13:38:12.315,562
264.200012207031,2018-02-05T13:38:12.398,563
263.600006103516,2018-02-05T13:38:12.398,564
263.300018310547,2018-02-05T13:38:12.439,565
263.100006103516,2018-02-05T13:38:12.481,566
263.100006103516,2018-02-05T13:38:12.522,567
263.100006103516,2018-02-05T13:38:12.563,568
263.100006103516,2018-02-05T13:38:12.604,569
263.5,2018-02-05T13:38:12.645,570
264.0,2018-02-05T13:38:12.687,571
265.300018310547,2018-02-05T13:38:12.728,572
265.600006103516,2018-02-05T13:38:12.769,573
265.600006103516,2018-02-05T13:38:12.811,574
264.0,2018-02-05T13:38:12.852,575
263.700012207031,2018-02-05T13:38:12.893,576
263.700012207031,2018-02-05T13:38:12.934,577
264.600006103516,2018-02-05T13:38:12.975,578
264.600006103516,2018-02-05T13:38:13.016,579
264.200012207031,2018-02-05T13:38:13.058,580
264.0,2018-02-05T13:38:13.099,581
263.700012207031,2018-02-05T13:38:13.141,582
263.700012207031,2018-02-05T13:38:13.182,583
263.700012207031,2018-02-05T13:38:13.223,584
263.800018310547,2018-02-05T13:38:13.264,585
263.800018310547,2018-02-05T13:38:13.306,586
264.100006103516,2018-02-05T13:38:13.347,587
264.300018310547,2018-02-05T13:38:13.388,588
265.200012207031,2018-02-05T13:38:13.429,589
265.200012207031,2018-02-05T13:38:13.470,590
264.700012207031,2018-02-05T13:38:13.553,591
263.100006103516,2018-02-05T13:38:13.553,592
261.899993896484,2018-02-05T13:38:13.594,593
261.5,2018-02-05T13:38:13.677,594
261.300018310547,2018-02-05T13:38:13.677,595
261.100006103516,2018-02-05T13:38:13.718,596
261.300018310547,2018-02-05T13:38:13.759,597
261.300018310547,2018-02-05T13:38:13.800,598
261.899993896484,2018-02-05T13:38:13.842,599
262.200012207031,2018-02-05T13:38:13.883,600
262.200012207031,2018-02-05T13:38:13.924,601
262.200012207031,2018-02-05T13:38:13.965,602
262.300018310547,2018-02-05T13:38:14.007,603
262.899993896484,2018-02-05T13:38:14.048,604
263.100006103516,2018-02-05T13:38:14.131,605
264.0,2018-02-05T13:38:14.131,606
264.0,2018-02-05T13:38:14.172,607
263.899993896484,2018-02-05T13:38:14.213,608
263.600006103516,2018-02-05T13:38:14.254,609
263.600006103516,2018-02-05T13:38:14.337,610
264.0,2018-02-05T13:38:14.337,611
265.899993896484,2018-02-05T13:38:14.378,612
265.899993896484,2018-02-05T13:38:14.419,613
265.899993896484,2018-02-05T13:38:14.461,614
264.0,2018-02-05T13:38:14.543,615
264.0,2018-02-05T13:38:14.543,616
263.600006103516,2018-02-05T13:38:14.584,617
263.700012207031,2018-02-05T13:38:14.626,618
263.600006103516,2018-02-05T13:38:14.667,619
263.399993896484,2018-02-05T13:38:14.708,620
263.100006103516,2018-02-05T13:38:14.749,621
262.899993896484,2018-02-05T13:38:14.791,622
262.700012207031,2018-02-05T13:38:14.832,623
262.700012207031,2018-02-05T13:38:14.873,624
262.700012207031,2018-02-05T13:38:14.914,625
262.899993896484,2018-02-05T13:38:14.956,626
263.100006103516,2018-02-05T13:38:14.997,627
263.300018310547,2018-02-05T13:38:15.079,628
263.399993896484,2018-02-05T13:38:15.080,629
263.600006103516,2018-02-05T13:38:15.120,630
263.800018310547,2018-02-05T13:38:15.162,631
263.800018310547,2018-02-05T13:38:15.203,632
263.800018310547,2018-02-05T13:38:15.244,633
264.200012207031,2018-02-05T13:38:15.286,634
264.700012207031,2018-02-05T13:38:15.327,635
265.600006103516,2018-02-05T13:38:15.368,636
265.700012207031,2018-02-05T13:38:15.409,637
266.100006103516,2018-02-05T13:38:15.451,638
266.700012207031,2018-02-05T13:38:15.492,639
268.0,2018-02-05T13:38:15.533,640
268.300018310547,2018-02-05T13:38:15.575,641
268.300018310547,2018-02-05T13:38:15.615,642
267.300018310547,2018-02-05T13:38:15.657,643
266.0,2018-02-05T13:38:15.698,644
265.700012207031,2018-02-05T13:38:15.740,645
264.899993896484,2018-02-05T13:38:15.781,646
264.800018310547,2018-02-05T13:38:15.822,647
264.100006103516,2018-02-05T13:38:15.863,648
264.100006103516,2018-02-05T13:38:15.904,649
264.5,2018-02-05T13:38:15.946,650
264.5,2018-02-05T13:38:15.987,651
265.0,2018-02-05T13:38:16.028,652
265.5,2018-02-05T13:38:16.069,653
266.0,2018-02-05T13:38:16.111,654
266.700012207031,2018-02-05T13:38:16.152,655
267.899993896484,2018-02-05T13:38:16.193,656
268.700012207031,2018-02-05T13:38:16.234,657
269.800018310547,2018-02-05T13:38:16.276,658
270.300018310547,2018-02-05T13:38:16.316,659
270.300018310547,2018-02-05T13:38:16.358,660
269.700012207031,2018-02-05T13:38:16.400,661
269.300018310547,2018-02-05T13:38:16.440,662
269.300018310547,2018-02-05T13:38:16.482,663
269.600006103516,2018-02-05T13:38:16.523,664
269.600006103516,2018-02-05T13:38:16.564,665
269.300018310547,2018-02-05T13:38:16.606,666
269.0,2018-02-05T13:38:16.647,667
268.800018310547,2018-02-05T13:38:16.688,668
268.600006103516,2018-02-05T13:38:16.730,669
268.399993896484,2018-02-05T13:38:16.770,670
268.100006103516,2018-02-05T13:38:16.812,671
268.100006103516,2018-02-05T13:38:16.853,672
268.300018310547,2018-02-05T13:38:16.894,673
268.899993896484,2018-02-05T13:38:16.977,674
269.200012207031,2018-02-05T13:38:16.977,675
269.5,2018-02-05T13:38:17.018,676
269.5,2018-02-05T13:38:17.059,677
269.100006103516,2018-02-05T13:38:17.101,678
268.0,2018-02-05T13:38:17.142,679
267.600006103516,2018-02-05T13:38:17.183,680
267.399993896484,2018-02-05T13:38:17.225,681
267.100006103516,2018-02-05T13:38:17.266,682
265.899993896484,2018-02-05T13:38:17.307,683
265.200012207031,2018-02-05T13:38:17.348,684
264.899993896484,2018-02-05T13:38:17.389,685
264.899993896484,2018-02-05T13:38:17.431,686
264.899993896484,2018-02-05T13:38:17.472,687
264.899993896484,2018-02-05T13:38:17.513,688
264.899993896484,2018-02-05T13:38:17.554,689
265.399993896484,2018-02-05T13:38:17.596,690
265.800018310547,2018-02-05T13:38:17.637,691
267.300018310547,2018-02-05T13:38:17.678,692
267.300018310547,2018-02-05T13:38:17.719,693
267.0,2018-02-05T13:38:17.761,694
264.100006103516,2018-02-05T13:38:17.802,695
262.5,2018-02-05T13:38:17.843,696
262.5,2018-02-05T13:38:17.884,697
262.5,2018-02-05T13:38:17.925,698
262.5,2018-02-05T13:38:17.967,699
262.200012207031,2018-02-05T13:38:18.008,700
261.700012207031,2018-02-05T13:38:18.049,701
261.700012207031,2018-02-05T13:38:18.091,702
261.600006103516,2018-02-05T13:38:18.132,703
261.600006103516,2018-02-05T13:38:18.173,704
261.300018310547,2018-02-05T13:38:18.214,705
261.300018310547,2018-02-05T13:38:18.256,706
262.100006103516,2018-02-05T13:38:18.297,707
263.300018310547,2018-02-05T13:38:18.338,708
264.200012207031,2018-02-05T13:38:18.379,709
264.200012207031,2018-02-05T13:38:18.421,710
263.300018310547,2018-02-05T13:38:18.462,711
261.700012207031,2018-02-05T13:38:18.503,712
261.700012207031,2018-02-05T13:38:18.544,713
262.200012207031,2018-02-05T13:38:18.586,714
262.200012207031,2018-02-05T13:38:18.668,715
262.0,2018-02-05T13:38:18.668,716
262.0,2018-02-05T13:38:18.710,717
262.0,2018-02-05T13:38:18.751,718
262.300018310547,2018-02-05T13:38:18.792,719
262.899993896484,2018-02-05T13:38:18.833,720
263.399993896484,2018-02-05T13:38:18.875,721
263.899993896484,2018-02-05T13:38:18.915,722
264.5,2018-02-05T13:38:18.957,723
266.399993896484,2018-02-05T13:38:18.998,724
267.800018310547,2018-02-05T13:38:19.040,725
267.800018310547,2018-02-05T13:38:19.081,726
267.300018310547,2018-02-05T13:38:19.122,727
266.0,2018-02-05T13:38:19.163,728
266.0,2018-02-05T13:38:19.205,729
266.600006103516,2018-02-05T13:38:19.246,730
266.899993896484,2018-02-05T13:38:19.287,731
266.899993896484,2018-02-05T13:38:19.328,732
266.300018310547,2018-02-05T13:38:19.369,733
265.600006103516,2018-02-05T13:38:19.411,734
265.600006103516,2018-02-05T13:38:19.452,735
265.700012207031,2018-02-05T13:38:19.493,736
265.800018310547,2018-02-05T13:38:19.535,737
266.0,2018-02-05T13:38:19.576,738
266.700012207031,2018-02-05T13:38:19.617,739
267.5,2018-02-05T13:38:19.658,740
268.700012207031,2018-02-05T13:38:19.700,741
269.0,2018-02-05T13:38:19.741,742
269.100006103516,2018-02-05T13:38:19.782,743
269.100006103516,2018-02-05T13:38:19.823,744
268.899993896484,2018-02-05T13:38:19.906,745
268.899993896484,2018-02-05T13:38:19.906,746
268.899993896484,2018-02-05T13:38:19.947,747
269.0,2018-02-05T13:38:19.988,748
269.300018310547,2018-02-05T13:38:20.029,749
270.0,2018-02-05T13:38:20.070,750
270.200012207031,2018-02-05T13:38:20.112,751
270.399993896484,2018-02-05T13:38:20.153,752
270.5,2018-02-05T13:38:20.194,753
270.899993896484,2018-02-05T13:38:20.236,754
271.5,2018-02-05T13:38:20.277,755
271.700012207031,2018-02-05T13:38:20.318,756
271.899993896484,2018-02-05T13:38:20.360,757
271.899993896484,2018-02-05T13:38:20.401,758
271.5,2018-02-05T13:38:20.442,759
270.800018310547,2018-02-05T13:38:20.483,760
270.600006103516,2018-02-05T13:38:20.525,761
270.0,2018-02-05T13:38:20.607,762
270.0,2018-02-05T13:38:20.607,763
270.0,2018-02-05T13:38:20.648,764
270.600006103516,2018-02-05T13:38:20.689,765
270.5,2018-02-05T13:38:20.731,766
270.600006103516,2018-02-05T13:38:20.772,767
270.700012207031,2018-02-05T13:38:20.813,768
270.800018310547,2018-02-05T13:38:20.855,769
271.0,2018-02-05T13:38:20.896,770
271.0,2018-02-05T13:38:20.937,771
270.899993896484,2018-02-05T13:38:20.978,772
270.899993896484,2018-02-05T13:38:21.019,773
271.399993896484,2018-02-05T13:38:21.061,774
271.600006103516,2018-02-05T13:38:21.102,775
271.600006103516,2018-02-05T13:38:21.143,776
271.300018310547,2018-02-05T13:38:21.184,777
270.5,2018-02-05T13:38:21.226,778
269.600006103516,2018-02-05T13:38:21.267,779
269.200012207031,2018-02-05T13:38:21.308,780
269.100006103516,2018-02-05T13:38:21.350,781
269.100006103516,2018-02-05T13:38:21.391,782
269.300018310547,2018-02-05T13:38:21.432,783
269.399993896484,2018-02-05T13:38:21.473,784
269.399993896484,2018-02-05T13:38:21.514,785
269.300018310547,2018-02-05T13:38:21.556,786
269.100006103516,2018-02-05T13:38:21.597,787
269.100006103516,2018-02-05T13:38:21.638,788
269.100006103516,2018-02-05T13:38:21.680,789
269.200012207031,2018-02-05T13:38:21.721,790
269.800018310547,2018-02-05T13:38:21.762,791
270.0,2018-02-05T13:38:21.803,792
270.0,2018-02-05T13:38:21.845,793
269.899993896484,2018-02-05T13:38:21.886,794
269.5,2018-02-05T13:38:21.927,795
269.200012207031,2018-02-05T13:38:21.968,796
269.100006103516,2018-02-05T13:38:22.010,797
268.200012207031,2018-02-05T13:38:22.051,798
268.200012207031,2018-02-05T13:38:22.092,799
269.5,2018-02-05T13:38:22.133,800
269.5,2018-02-05T13:38:22.175,801
268.5,2018-02-05T13:38:22.215,802
266.700012207031,2018-02-05T13:38:22.257,803
265.399993896484,2018-02-05T13:38:22.298,804
264.600006103516,2018-02-05T13:38:22.340,805
263.5,2018-02-05T13:38:22.422,806
263.5,2018-02-05T13:38:22.422,807
263.300018310547,2018-02-05T13:38:22.463,808
262.300018310547,2018-02-05T13:38:22.505,809
262.300018310547,2018-02-05T13:38:22.546,810
262.300018310547,2018-02-05T13:38:22.587,811
262.300018310547,2018-02-05T13:38:22.670,812
262.800018310547,2018-02-05T13:38:22.670,813
263.5,2018-02-05T13:38:22.711,814
264.0,2018-02-05T13:38:22.752,815
264.200012207031,2018-02-05T13:38:22.793,816
264.600006103516,2018-02-05T13:38:22.834,817
265.100006103516,2018-02-05T13:38:22.876,818
266.399993896484,2018-02-05T13:38:22.917,819
266.800018310547,2018-02-05T13:38:22.958,820
266.800018310547,2018-02-05T13:38:23.000,821
264.700012207031,2018-02-05T13:38:23.041,822
264.700012207031,2018-02-05T13:38:23.082,823
264.800018310547,2018-02-05T13:38:23.123,824
265.5,2018-02-05T13:38:23.165,825
265.5,2018-02-05T13:38:23.206,826
265.0,2018-02-05T13:38:23.247,827
264.0,2018-02-05T13:38:23.289,828
263.899993896484,2018-02-05T13:38:23.330,829
263.899993896484,2018-02-05T13:38:23.371,830
263.200012207031,2018-02-05T13:38:23.412,831
262.0,2018-02-05T13:38:23.454,832
262.0,2018-02-05T13:38:23.495,833
262.700012207031,2018-02-05T13:38:23.536,834
265.100006103516,2018-02-05T13:38:23.577,835
265.5,2018-02-05T13:38:23.618,836
265.5,2018-02-05T13:38:23.660,837
264.200012207031,2018-02-05T13:38:23.701,838
264.0,2018-02-05T13:38:23.784,839
264.0,2018-02-05T13:38:23.784,840
264.5,2018-02-05T13:38:23.866,841
264.800018310547,2018-02-05T13:38:23.907,842
265.300018310547,2018-02-05T13:38:23.907,843
265.600006103516,2018-02-05T13:38:23.949,844
265.800018310547,2018-02-05T13:38:23.989,845
266.5,2018-02-05T13:38:24.031,846
267.100006103516,2018-02-05T13:38:24.072,847
267.200012207031,2018-02-05T13:38:24.113,848
268.300018310547,2018-02-05T13:38:24.155,849
269.200012207031,2018-02-05T13:38:24.196,850
270.300018310547,2018-02-05T13:38:24.237,851
272.300018310547,2018-02-05T13:38:24.279,852
273.600006103516,2018-02-05T13:38:24.320,853
274.200012207031,2018-02-05T13:38:24.361,854
274.200012207031,2018-02-05T13:38:24.402,855
273.200012207031,2018-02-05T13:38:24.443,856
273.200012207031,2018-02-05T13:38:24.485,857
273.700012207031,2018-02-05T13:38:24.526,858
274.0,2018-02-05T13:38:24.567,859
274.0,2018-02-05T13:38:24.650,860
274.100006103516,2018-02-05T13:38:24.650,861
274.0,2018-02-05T13:38:24.691,862
274.100006103516,2018-02-05T13:38:24.732,863
274.100006103516,2018-02-05T13:38:24.774,864
274.200012207031,2018-02-05T13:38:24.814,865
274.300018310547,2018-02-05T13:38:24.897,866
274.700012207031,2018-02-05T13:38:24.898,867
274.899993896484,2018-02-05T13:38:24.938,868
275.5,2018-02-05T13:38:24.980,869
275.5,2018-02-05T13:38:25.021,870
275.100006103516,2018-02-05T13:38:25.062,871
273.800018310547,2018-02-05T13:38:25.104,872
273.200012207031,2018-02-05T13:38:25.145,873
273.0,2018-02-05T13:38:25.186,874
272.899993896484,2018-02-05T13:38:25.227,875
272.0,2018-02-05T13:38:25.269,876
271.300018310547,2018-02-05T13:38:25.310,877
270.399993896484,2018-02-05T13:38:25.351,878
269.700012207031,2018-02-05T13:38:25.392,879
269.399993896484,2018-02-05T13:38:25.434,880
269.300018310547,2018-02-05T13:38:25.475,881
268.899993896484,2018-02-05T13:38:25.516,882
268.899993896484,2018-02-05T13:38:25.557,883
268.899993896484,2018-02-05T13:38:25.598,884
269.399993896484,2018-02-05T13:38:25.640,885
270.0,2018-02-05T13:38:25.681,886
270.5,2018-02-05T13:38:25.722,887
270.5,2018-02-05T13:38:25.764,888
268.0,2018-02-05T13:38:25.805,889
267.0,2018-02-05T13:38:25.846,890
267.0,2018-02-05T13:38:25.887,891
267.399993896484,2018-02-05T13:38:25.928,892
267.399993896484,2018-02-05T13:38:25.970,893
267.399993896484,2018-02-05T13:38:26.011,894
266.399993896484,2018-02-05T13:38:26.052,895
266.100006103516,2018-02-05T13:38:26.094,896
266.100006103516,2018-02-05T13:38:26.135,897
266.899993896484,2018-02-05T13:38:26.176,898
267.100006103516,2018-02-05T13:38:26.217,899
267.5,2018-02-05T13:38:26.258,900
267.899993896484,2018-02-05T13:38:26.300,901
268.5,2018-02-05T13:38:26.341,902
268.800018310547,2018-02-05T13:38:26.382,903
268.800018310547,2018-02-05T13:38:26.423,904
266.800018310547,2018-02-05T13:38:26.465,905
264.100006103516,2018-02-05T13:38:26.506,906
264.0,2018-02-05T13:38:26.547,907
264.0,2018-02-05T13:38:26.588,908
264.0,2018-02-05T13:38:26.630,909
263.5,2018-02-05T13:38:26.671,910
261.899993896484,2018-02-05T13:38:26.712,911
261.800018310547,2018-02-05T13:38:26.754,912
261.800018310547,2018-02-05T13:38:26.795,913
262.300018310547,2018-02-05T13:38:26.836,914
262.600006103516,2018-02-05T13:38:26.877,915
262.800018310547,2018-02-05T13:38:26.918,916
263.100006103516,2018-02-05T13:38:26.960,917
263.5,2018-02-05T13:38:27.001,918
264.399993896484,2018-02-05T13:38:27.042,919
265.300018310547,2018-02-05T13:38:27.125,920
265.300018310547,2018-02-05T13:38:27.125,921
265.200012207031,2018-02-05T13:38:27.166,922
264.300018310547,2018-02-05T13:38:27.207,923
264.300018310547,2018-02-05T13:38:27.249,924
265.100006103516,2018-02-05T13:38:27.290,925
265.800018310547,2018-02-05T13:38:27.331,926
265.800018310547,2018-02-05T13:38:27.372,927
264.800018310547,2018-02-05T13:38:27.413,928
263.399993896484,2018-02-05T13:38:27.455,929
262.700012207031,2018-02-05T13:38:27.496,930
262.700012207031,2018-02-05T13:38:27.537,931
262.899993896484,2018-02-05T13:38:27.579,932
262.899993896484,2018-02-05T13:38:27.620,933
263.300018310547,2018-02-05T13:38:27.661,934
263.5,2018-02-05T13:38:27.702,935
264.399993896484,2018-02-05T13:38:27.744,936
265.200012207031,2018-02-05T13:38:27.785,937
265.200012207031,2018-02-05T13:38:27.826,938
264.100006103516,2018-02-05T13:38:27.867,939
263.100006103516,2018-02-05T13:38:27.909,940
263.100006103516,2018-02-05T13:38:27.950,941
263.200012207031,2018-02-05T13:38:27.991,942
263.399993896484,2018-02-05T13:38:28.032,943
263.399993896484,2018-02-05T13:38:28.074,944
263.300018310547,2018-02-05T13:38:28.114,945
262.899993896484,2018-02-05T13:38:28.156,946
262.899993896484,2018-02-05T13:38:28.197,947
262.899993896484,2018-02-05T13:38:28.239,948
262.899993896484,2018-02-05T13:38:28.280,949
262.899993896484,2018-02-05T13:38:28.321,950
263.200012207031,2018-02-05T13:38:28.362,951
263.700012207031,2018-02-05T13:38:28.404,952
264.0,2018-02-05T13:38:28.444,953
264.399993896484,2018-02-05T13:38:28.486,954
264.700012207031,2018-02-05T13:38:28.527,955
264.800018310547,2018-02-05T13:38:28.569,956
264.800018310547,2018-02-05T13:38:28.610,957
264.200012207031,2018-02-05T13:38:28.651,958
263.0,2018-02-05T13:38:28.692,959
262.0,2018-02-05T13:38:28.733,960
261.300018310547,2018-02-05T13:38:28.775,961
261.200012207031,2018-02-05T13:38:28.816,962
261.200012207031,2018-02-05T13:38:28.857,963
261.300018310547,2018-02-05T13:38:28.899,964
261.300018310547,2018-02-05T13:38:28.940,965
261.399993896484,2018-02-05T13:38:28.981,966
262.0,2018-02-05T13:38:29.022,967
262.5,2018-02-05T13:38:29.064,968
262.600006103516,2018-02-05T13:38:29.105,969
263.0,2018-02-05T13:38:29.146,970
263.200012207031,2018-02-05T13:38:29.187,971
263.700012207031,2018-02-05T13:38:29.228,972
264.600006103516,2018-02-05T13:38:29.270,973
266.399993896484,2018-02-05T13:38:29.311,974
267.899993896484,2018-02-05T13:38:29.352,975
267.899993896484,2018-02-05T13:38:29.394,976
267.700012207031,2018-02-05T13:38:29.435,977
266.200012207031,2018-02-05T13:38:29.517,978
264.800018310547,2018-02-05T13:38:29.517,979
264.200012207031,2018-02-05T13:38:29.600,980
263.600006103516,2018-02-05T13:38:29.600,981
263.600006103516,2018-02-05T13:38:29.641,982
262.399993896484,2018-02-05T13:38:29.682,983
262.399993896484,2018-02-05T13:38:29.765,984
262.300018310547,2018-02-05T13:38:29.765,985
262.300018310547,2018-02-05T13:38:29.806,986
262.0,2018-02-05T13:38:29.847,987
261.800018310547,2018-02-05T13:38:29.889,988
261.800018310547,2018-02-05T13:38:29.930,989
261.800018310547,2018-02-05T13:38:29.971,990
262.0,2018-02-05T13:38:30.012,991
262.899993896484,2018-02-05T13:38:30.054,992
263.5,2018-02-05T13:38:30.095,993
263.899993896484,2018-02-05T13:38:30.136,994
264.200012207031,2018-02-05T13:38:30.177,995
264.800018310547,2018-02-05T13:38:30.218,996
265.5,2018-02-05T13:38:30.260,997
266.100006103516,2018-02-05T13:38:30.301,998
266.399993896484,2018-02-05T13:38:30.342,999
267.0,2018-02-05T13:38:30.384,1000
267.300018310547,2018-02-05T13:38:30.425,1001
267.899993896484,2018-02-05T13:38:30.466,1002
268.399993896484,2018-02-05T13:38:30.507,1003
269.0,2018-02-05T13:38:30.548,1004
269.899993896484,2018-02-05T13:38:30.590,1005
270.399993896484,2018-02-05T13:38:30.631,1006
271.5,2018-02-05T13:38:30.672,1007
273.300018310547,2018-02-05T13:38:30.713,1008
274.399993896484,2018-02-05T13:38:30.755,1009
274.399993896484,2018-02-05T13:38:30.796,1010
273.600006103516,2018-02-05T13:38:30.837,1011
273.5,2018-02-05T13:38:30.879,1012
272.899993896484,2018-02-05T13:38:30.920,1013
272.700012207031,2018-02-05T13:38:30.961,1014
272.100006103516,2018-02-05T13:38:31.002,1015
271.899993896484,2018-02-05T13:38:31.044,1016
271.399993896484,2018-02-05T13:38:31.085,1017
271.200012207031,2018-02-05T13:38:31.126,1018
271.0,2018-02-05T13:38:31.167,1019
270.5,2018-02-05T13:38:31.209,1020
269.899993896484,2018-02-05T13:38:31.250,1021
269.700012207031,2018-02-05T13:38:31.291,1022
269.700012207031,2018-02-05T13:38:31.332,1023
270.0,2018-02-05T13:38:31.374,1024
271.200012207031,2018-02-05T13:38:31.414,1025
271.200012207031,2018-02-05T13:38:31.456,1026
270.800018310547,2018-02-05T13:38:31.497,1027
270.399993896484,2018-02-05T13:38:31.539,1028
270.399993896484,2018-02-05T13:38:31.580,1029
271.0,2018-02-05T13:38:31.621,1030
271.0,2018-02-05T13:38:31.662,1031
270.399993896484,2018-02-05T13:38:31.704,1032
269.700012207031,2018-02-05T13:38:31.745,1033
269.0,2018-02-05T13:38:31.786,1034
269.0,2018-02-05T13:38:31.827,1035
269.200012207031,2018-02-05T13:38:31.869,1036
269.200012207031,2018-02-05T13:38:31.910,1037
269.300018310547,2018-02-05T13:38:31.951,1038
269.399993896484,2018-02-05T13:38:31.992,1039
270.399993896484,2018-02-05T13:38:32.033,1040
270.800018310547,2018-02-05T13:38:32.075,1041
270.800018310547,2018-02-05T13:38:32.116,1042
268.300018310547,2018-02-05T13:38:32.157,1043
265.5,2018-02-05T13:38:32.199,1044
265.5,2018-02-05T13:38:32.240,1045
265.700012207031,2018-02-05T13:38:32.281,1046
266.0,2018-02-05T13:38:32.322,1047
266.0,2018-02-05T13:38:32.364,1048
265.700012207031,2018-02-05T13:38:32.405,1049
265.200012207031,2018-02-05T13:38:32.446,1050
265.200012207031,2018-02-05T13:38:32.487,1051
265.5,2018-02-05T13:38:32.529,1052
265.5,2018-02-05T13:38:32.570,1053
265.399993896484,2018-02-05T13:38:32.611,1054
265.399993896484,2018-02-05T13:38:32.652,1055
265.899993896484,2018-02-05T13:38:32.693,1056
267.200012207031,2018-02-05T13:38:32.735,1057
268.200012207031,2018-02-05T13:38:32.776,1058
268.200012207031,2018-02-05T13:38:32.817,1059
267.800018310547,2018-02-05T13:38:32.859,1060
266.600006103516,2018-02-05T13:38:32.900,1061
266.100006103516,2018-02-05T13:38:32.941,1062
266.100006103516,2018-02-05T13:38:32.982,1063
266.100006103516,2018-02-05T13:38:33.024,1064
265.800018310547,2018-02-05T13:38:33.065,1065
264.700012207031,2018-02-05T13:38:33.106,1066
263.5,2018-02-05T13:38:33.148,1067
263.5,2018-02-05T13:38:33.189,1068
263.600006103516,2018-02-05T13:38:33.230,1069
263.800018310547,2018-02-05T13:38:33.271,1070
264.0,2018-02-05T13:38:33.312,1071
264.0,2018-02-05T13:38:33.354,1072
264.100006103516,2018-02-05T13:38:33.395,1073
265.800018310547,2018-02-05T13:38:33.436,1074
265.800018310547,2018-02-05T13:38:33.477,1075
264.200012207031,2018-02-05T13:38:33.519,1076
262.300018310547,2018-02-05T13:38:33.560,1077
261.0,2018-02-05T13:38:33.601,1078
261.0,2018-02-05T13:38:33.642,1079
262.5,2018-02-05T13:38:33.684,1080
262.5,2018-02-05T13:38:33.725,1081
262.100006103516,2018-02-05T13:38:33.766,1082
261.200012207031,2018-02-05T13:38:33.807,1083
261.200012207031,2018-02-05T13:38:33.849,1084
261.399993896484,2018-02-05T13:38:33.890,1085
261.600006103516,2018-02-05T13:38:33.972,1086
262.200012207031,2018-02-05T13:38:33.973,1087
262.200012207031,2018-02-05T13:38:34.013,1088
262.200012207031,2018-02-05T13:38:34.055,1089
262.5,2018-02-05T13:38:34.096,1090
263.100006103516,2018-02-05T13:38:34.137,1091
263.5,2018-02-05T13:38:34.179,1092
264.399993896484,2018-02-05T13:38:34.220,1093
265.399993896484,2018-02-05T13:38:34.261,1094
265.399993896484,2018-02-05T13:38:34.303,1095
265.399993896484,2018-02-05T13:38:34.344,1096
265.100006103516,2018-02-05T13:38:34.385,1097
265.0,2018-02-05T13:38:34.426,1098
264.899993896484,2018-02-05T13:38:34.467,1099
264.899993896484,2018-02-05T13:38:34.509,1100
264.800018310547,2018-02-05T13:38:34.550,1101
264.899993896484,2018-02-05T13:38:34.591,1102
265.0,2018-02-05T13:38:34.632,1103
265.0,2018-02-05T13:38:34.674,1104
265.100006103516,2018-02-05T13:38:34.715,1105
265.300018310547,2018-02-05T13:38:34.756,1106
265.399993896484,2018-02-05T13:38:34.797,1107
265.600006103516,2018-02-05T13:38:34.839,1108
265.700012207031,2018-02-05T13:38:34.921,1109
266.0,2018-02-05T13:38:34.921,1110
266.0,2018-02-05T13:38:34.963,1111
266.0,2018-02-05T13:38:35.004,1112
266.100006103516,2018-02-05T13:38:35.045,1113
266.100006103516,2018-02-05T13:38:35.086,1114
265.200012207031,2018-02-05T13:38:35.128,1115
264.700012207031,2018-02-05T13:38:35.169,1116
264.200012207031,2018-02-05T13:38:35.210,1117
264.100006103516,2018-02-05T13:38:35.251,1118
263.800018310547,2018-02-05T13:38:35.293,1119
263.800018310547,2018-02-05T13:38:35.334,1120
264.700012207031,2018-02-05T13:38:35.375,1121
264.700012207031,2018-02-05T13:38:35.458,1122
264.899993896484,2018-02-05T13:38:35.458,1123
265.300018310547,2018-02-05T13:38:35.499,1124
265.5,2018-02-05T13:38:35.540,1125
265.300018310547,2018-02-05T13:38:35.581,1126
264.600006103516,2018-02-05T13:38:35.623,1127
264.200012207031,2018-02-05T13:38:35.664,1128
264.200012207031,2018-02-05T13:38:35.705,1129
264.800018310547,2018-02-05T13:38:35.746,1130
265.600006103516,2018-02-05T13:38:35.788,1131
266.0,2018-02-05T13:38:35.829,1132
266.0,2018-02-05T13:38:35.870,1133
265.700012207031,2018-02-05T13:38:35.953,1134
264.899993896484,2018-02-05T13:38:35.953,1135
264.200012207031,2018-02-05T13:38:35.994,1136
264.0,2018-02-05T13:38:36.035,1137
264.0,2018-02-05T13:38:36.076,1138
264.399993896484,2018-02-05T13:38:36.117,1139
265.399993896484,2018-02-05T13:38:36.159,1140
266.5,2018-02-05T13:38:36.200,1141
266.800018310547,2018-02-05T13:38:36.241,1142
267.100006103516,2018-02-05T13:38:36.283,1143
267.100006103516,2018-02-05T13:38:36.324,1144
267.700012207031,2018-02-05T13:38:36.365,1145
268.100006103516,2018-02-05T13:38:36.406,1146
268.5,2018-02-05T13:38:36.448,1147
269.100006103516,2018-02-05T13:38:36.489,1148
269.399993896484,2018-02-05T13:38:36.530,1149
270.5,2018-02-05T13:38:36.571,1150
271.0,2018-02-05T13:38:36.613,1151
272.0,2018-02-05T13:38:36.654,1152
272.399993896484,2018-02-05T13:38:36.695,1153
272.399993896484,2018-02-05T13:38:36.736,1154
271.899993896484,2018-02-05T13:38:36.778,1155
270.600006103516,2018-02-05T13:38:36.819,1156
269.800018310547,2018-02-05T13:38:36.860,1157
269.800018310547,2018-02-05T13:38:36.901,1158
269.800018310547,2018-02-05T13:38:36.943,1159
269.700012207031,2018-02-05T13:38:36.984,1160
269.300018310547,2018-02-05T13:38:37.025,1161
268.600006103516,2018-02-05T13:38:37.066,1162
268.600006103516,2018-02-05T13:38:37.108,1163
268.5,2018-02-05T13:38:37.149,1164
268.399993896484,2018-02-05T13:38:37.190,1165
268.300018310547,2018-02-05T13:38:37.231,1166
268.200012207031,2018-02-05T13:38:37.272,1167
268.0,2018-02-05T13:38:37.313,1168
268.0,2018-02-05T13:38:37.355,1169
268.5,2018-02-05T13:38:37.396,1170
268.700012207031,2018-02-05T13:38:37.437,1171
269.0,2018-02-05T13:38:37.479,1172
269.0,2018-02-05T13:38:37.520,1173
268.899993896484,2018-02-05T13:38:37.562,1174
268.899993896484,2018-02-05T13:38:37.603,1175
268.899993896484,2018-02-05T13:38:37.644,1176
269.200012207031,2018-02-05T13:38:37.685,1177
269.200012207031,2018-02-05T13:38:37.726,1178
268.200012207031,2018-02-05T13:38:37.768,1179
268.0,2018-02-05T13:38:37.809,1180
267.600006103516,2018-02-05T13:38:37.850,1181
267.5,2018-02-05T13:38:37.891,1182
267.5,2018-02-05T13:38:37.933,1183
267.200012207031,2018-02-05T13:38:37.974,1184
266.800018310547,2018-02-05T13:38:38.015,1185
266.5,2018-02-05T13:38:38.056,1186
266.200012207031,2018-02-05T13:38:38.098,1187
266.200012207031,2018-02-05T13:38:38.139,1188
266.899993896484,2018-02-05T13:38:38.180,1189
266.899993896484,2018-02-05T13:38:38.221,1190
266.300018310547,2018-02-05T13:38:38.263,1191
265.399993896484,2018-02-05T13:38:38.304,1192
263.399993896484,2018-02-05T13:38:38.345,1193
261.800018310547,2018-02-05T13:38:38.386,1194
261.0,2018-02-05T13:38:38.427,1195
260.800018310547,2018-02-05T13:38:38.469,1196
260.800018310547,2018-02-05T13:38:38.510,1197
260.800018310547,2018-02-05T13:38:38.551,1198
260.800018310547,2018-02-05T13:38:38.593,1199
260.5,2018-02-05T13:38:38.634,1200
260.399993896484,2018-02-05T13:38:38.675,1201
260.399993896484,2018-02-05T13:38:38.716,1202
260.700012207031,2018-02-05T13:38:38.758,1203
261.800018310547,2018-02-05T13:38:38.799,1204
262.0,2018-02-05T13:38:38.840,1205
262.5,2018-02-05T13:38:38.881,1206
262.600006103516,2018-02-05T13:38:38.923,1207
262.700012207031,2018-02-05T13:38:38.964,1208
263.100006103516,2018-02-05T13:38:39.005,1209
263.800018310547,2018-02-05T13:38:39.046,1210
264.100006103516,2018-02-05T13:38:39.088,1211
264.100006103516,2018-02-05T13:38:39.129,1212
263.399993896484,2018-02-05T13:38:39.170,1213
262.5,2018-02-05T13:38:39.211,1214
261.800018310547,2018-02-05T13:38:39.253,1215
261.700012207031,2018-02-05T13:38:39.294,1216
261.0,2018-02-05T13:38:39.335,1217
260.200012207031,2018-02-05T13:38:39.376,1218
258.800018310547,2018-02-05T13:38:39.418,1219
257.0,2018-02-05T13:38:39.458,1220
256.300018310547,2018-02-05T13:38:39.500,1221
256.300018310547,2018-02-05T13:38:39.542,1222
256.399993896484,2018-02-05T13:38:39.583,1223
256.399993896484,2018-02-05T13:38:39.624,1224
256.200012207031,2018-02-05T13:38:39.665,1225
255.900009155273,2018-02-05T13:38:39.706,1226
255.0,2018-02-05T13:38:39.748,1227
254.100006103516,2018-02-05T13:38:39.789,1228
254.0,2018-02-05T13:38:39.830,1229
254.0,2018-02-05T13:38:39.871,1230
253.400009155273,2018-02-05T13:38:39.912,1231
253.0,2018-02-05T13:38:39.954,1232
252.100006103516,2018-02-05T13:38:39.995,1233
251.900009155273,2018-02-05T13:38:40.036,1234
251.900009155273,2018-02-05T13:38:40.078,1235
251.900009155273,2018-02-05T13:38:40.119,1236
251.900009155273,2018-02-05T13:38:40.160,1237
251.900009155273,2018-02-05T13:38:40.201,1238
252.199996948242,2018-02-05T13:38:40.243,1239
253.400009155273,2018-02-05T13:38:40.284,1240
254.600006103516,2018-02-05T13:38:40.325,1241
256.200012207031,2018-02-05T13:38:40.366,1242
257.600006103516,2018-02-05T13:38:40.408,1243
259.5,2018-02-05T13:38:40.449,1244
262.0,2018-02-05T13:38:40.490,1245
263.600006103516,2018-02-05T13:38:40.531,1246
264.399993896484,2018-02-05T13:38:40.573,1247
265.300018310547,2018-02-05T13:38:40.614,1248
265.399993896484,2018-02-05T13:38:40.655,1249
265.899993896484,2018-02-05T13:38:40.696,1250
265.899993896484,2018-02-05T13:38:40.738,1251
266.200012207031,2018-02-05T13:38:40.779,1252
267.800018310547,2018-02-05T13:38:40.820,1253
269.399993896484,2018-02-05T13:38:40.861,1254
269.399993896484,2018-02-05T13:38:40.903,1255
269.399993896484,2018-02-05T13:38:40.944,1256
268.600006103516,2018-02-05T13:38:40.985,1257
268.600006103516,2018-02-05T13:38:41.026,1258
268.700012207031,2018-02-05T13:38:41.068,1259
269.399993896484,2018-02-05T13:38:41.109,1260
270.399993896484,2018-02-05T13:38:41.150,1261
271.399993896484,2018-02-05T13:38:41.191,1262
272.5,2018-02-05T13:38:41.233,1263
273.5,2018-02-05T13:38:41.274,1264
274.800018310547,2018-02-05T13:38:41.315,1265
276.5,2018-02-05T13:38:41.357,1266
277.200012207031,2018-02-05T13:38:41.398,1267
278.700012207031,2018-02-05T13:38:41.439,1268
279.600006103516,2018-02-05T13:38:41.480,1269
280.399993896484,2018-02-05T13:38:41.521,1270
281.300018310547,2018-02-05T13:38:41.563,1271
282.0,2018-02-05T13:38:41.604,1272
282.700012207031,2018-02-05T13:38:41.645,1273
283.200012207031,2018-02-05T13:38:41.687,1274
283.5,2018-02-05T13:38:41.728,1275
283.600006103516,2018-02-05T13:38:41.769,1276
283.600006103516,2018-02-05T13:38:41.810,1277
283.300018310547,2018-02-05T13:38:41.852,1278
283.0,2018-02-05T13:38:41.893,1279
282.200012207031,2018-02-05T13:38:41.934,1280
281.300018310547,2018-02-05T13:38:41.975,1281
280.399993896484,2018-02-05T13:38:42.016,1282
279.600006103516,2018-02-05T13:38:42.058,1283
278.600006103516,2018-02-05T13:38:42.099,1284
277.600006103516,2018-02-05T13:38:42.140,1285
276.800018310547,2018-02-05T13:38:42.181,1286
275.700012207031,2018-02-05T13:38:42.223,1287
275.100006103516,2018-02-05T13:38:42.264,1288
274.600006103516,2018-02-05T13:38:42.305,1289
273.800018310547,2018-02-05T13:38:42.346,1290
273.5,2018-02-05T13:38:42.387,1291
273.5,2018-02-05T13:38:42.429,1292
273.300018310547,2018-02-05T13:38:42.470,1293
273.0,2018-02-05T13:38:42.512,1294
272.700012207031,2018-02-05T13:38:42.553,1295
272.5,2018-02-05T13:38:42.594,1296
271.899993896484,2018-02-05T13:38:42.635,1297
271.300018310547,2018-02-05T13:38:42.676,1298
270.800018310547,2018-02-05T13:38:42.718,1299
270.399993896484,2018-02-05T13:38:42.759,1300
270.200012207031,2018-02-05T13:38:42.800,1301
269.700012207031,2018-02-05T13:38:42.842,1302
269.700012207031,2018-02-05T13:38:42.883,1303
268.899993896484,2018-02-05T13:38:42.924,1304
268.0,2018-02-05T13:38:42.965,1305
267.700012207031,2018-02-05T13:38:43.007,1306
266.800018310547,2018-02-05T13:38:43.048,1307
266.5,2018-02-05T13:38:43.089,1308
265.700012207031,2018-02-05T13:38:43.130,1309
265.0,2018-02-05T13:38:43.172,1310
264.100006103516,2018-02-05T13:38:43.212,1311
262.800018310547,2018-02-05T13:38:43.254,1312
262.0,2018-02-05T13:38:43.295,1313
261.600006103516,2018-02-05T13:38:43.337,1314
260.899993896484,2018-02-05T13:38:43.377,1315
260.700012207031,2018-02-05T13:38:43.419,1316
260.399993896484,2018-02-05T13:38:43.460,1317
259.800018310547,2018-02-05T13:38:43.502,1318
259.600006103516,2018-02-05T13:38:43.543,1319
259.600006103516,2018-02-05T13:38:43.584,1320
259.600006103516,2018-02-05T13:38:43.625,1321
259.600006103516,2018-02-05T13:38:43.667,1322
259.5,2018-02-05T13:38:43.708,1323
259.399993896484,2018-02-05T13:38:43.749,1324
259.300018310547,2018-02-05T13:38:43.790,1325
259.300018310547,2018-02-05T13:38:43.831,1326
259.300018310547,2018-02-05T13:38:43.872,1327
259.399993896484,2018-02-05T13:38:43.914,1328
259.100006103516,2018-02-05T13:38:43.955,1329
259.100006103516,2018-02-05T13:38:43.997,1330
259.100006103516,2018-02-05T13:38:44.038,1331
259.0,2018-02-05T13:38:44.079,1332
258.899993896484,2018-02-05T13:38:44.120,1333
258.899993896484,2018-02-05T13:38:44.162,1334
258.800018310547,2018-02-05T13:38:44.203,1335
258.899993896484,2018-02-05T13:38:44.244,1336
258.800018310547,2018-02-05T13:38:44.285,1337
258.800018310547,2018-02-05T13:38:44.368,1338
258.800018310547,2018-02-05T13:38:44.368,1339
258.700012207031,2018-02-05T13:38:44.409,1340
258.600006103516,2018-02-05T13:38:44.450,1341
