pF,time
259.100006103516,542812327.422436
259.100006103516,542812327.463796
258.800018310547,542812327.504998
258.700012207031,542812327.546287
258.700012207031,542812327.587269
258.700012207031,542812327.628415
258.700012207031,542812327.669619
258.5,542812327.711561
258.5,542812327.752639
258.300018310547,542812327.793773
258.300018310547,542812327.835036
258.300018310547,542812327.876384
258.200012207031,542812327.917702
258.200012207031,542812327.958841
258.300018310547,542812328.000019
258.300018310547,542812328.041329
258.200012207031,542812328.082718
257.899993896484,542812328.123470
257.899993896484,542812328.164504
258.0,542812328.206292
258.0,542812328.247667
258.0,542812328.288799
258.0,542812328.330046
257.899993896484,542812328.371304
257.899993896484,542812328.412520
257.899993896484,542812328.453782
257.899993896484,542812328.495170
257.800018310547,542812328.536302
257.800018310547,542812328.577843
257.800018310547,542812328.618804
257.399993896484,542812328.660087
257.399993896484,542812328.701259
257.100006103516,542812328.742686
257.0,542812328.783995
256.600006103516,542812328.824805
256.300018310547,542812328.866505
256.0,542812328.907689
255.699996948242,542812328.949171
255.400009155273,542812328.990231
255.400009155273,542812329.031499
255.300003051758,542812329.072674
255.300003051758,542812329.113934
255.0,542812329.155066
254.800003051758,542812329.196433
254.800003051758,542812329.237709
254.699996948242,542812329.278953
254.100006103516,542812329.320203
253.900009155273,542812329.361550
253.600006103516,542812329.402691
253.199996948242,542812329.443998
252.900009155273,542812329.485181
252.800003051758,542812329.526477
252.100006103516,542812329.567686
251.800003051758,542812329.608948
251.699996948242,542812329.650152
251.0,542812329.691432
250.699996948242,542812329.732702
250.600006103516,542812329.773825
250.400009155273,542812329.814962
250.0,542812329.856448
249.699996948242,542812329.897700
249.600006103516,542812329.938971
249.300003051758,542812330.062856
249.100006103516,542812330.062997
249.100006103516,542812330.063280
249.0,542812330.103951
248.600006103516,542812330.145278
248.400009155273,542812330.186535
248.400009155273,542812330.227713
248.400009155273,542812330.268700
248.199996948242,542812330.310281
248.199996948242,542812330.351491
248.100006103516,542812330.392770
248.100006103516,542812330.434152
248.100006103516,542812330.475360
248.100006103516,542812330.516481
248.100006103516,542812330.557788
248.100006103516,542812330.598968
248.100006103516,542812330.640245
248.0,542812330.722725
248.100006103516,542812330.763550
248.100006103516,542812330.805224
248.300003051758,542812330.846492
248.900009155273,542812330.887515
249.100006103516,542812330.928994
249.199996948242,542812330.970255
249.5,542812331.011060
250.0,542812331.052751
250.600006103516,542812331.093990
250.600006103516,542812331.135312
251.300003051758,542812331.176511
252.0,542812331.217757
252.5,542812331.258988
253.100006103516,542812331.300266
253.699996948242,542812331.341010
253.900009155273,542812331.382800
254.400009155273,542812331.424050
254.699996948242,542812331.465336
255.0,542812331.506546
255.699996948242,542812331.547558
256.100006103516,542812331.589048
256.5,542812331.630340
256.899993896484,542812331.671519
257.399993896484,542812331.712765
257.399993896484,542812331.754076
257.5,542812331.795254
257.800018310547,542812331.836514
258.0,542812331.877771
258.0,542812331.918986
258.0,542812331.960328
258.0,542812332.001499
258.0,542812332.042826
258.0,542812332.084374
258.100006103516,542812332.125239
258.100006103516,542812332.166559
257.800018310547,542812332.207794
257.800018310547,542812332.249108
257.800018310547,542812332.290277
257.800018310547,542812332.331539
257.800018310547,542812332.372984
257.800018310547,542812332.414033
257.600006103516,542812332.455346
257.5,542812332.496542
257.5,542812332.537762
257.300018310547,542812332.578711
257.300018310547,542812332.620438
257.200012207031,542812332.661535
256.600006103516,542812332.702926
256.600006103516,542812332.743893
256.300018310547,542812332.785441
256.300018310547,542812332.826734
256.100006103516,542812332.867932
255.800003051758,542812332.909152
255.800003051758,542812332.950446
255.600006103516,542812332.991672
255.300003051758,542812333.032531
255.300003051758,542812333.073986
255.100006103516,542812333.115292
254.800003051758,542812333.156277
254.699996948242,542812333.197798
254.600006103516,542812333.239037
254.5,542812333.280488
254.300003051758,542812333.403693
254.300003051758,542812333.403912
254.199996948242,542812333.404500
254.199996948242,542812333.444957
254.100006103516,542812333.486534
254.0,542812333.527775
254.0,542812333.569125
254.0,542812333.610321
253.800003051758,542812333.651519
254.0,542812333.692515
253.800003051758,542812333.733992
253.699996948242,542812333.775338
253.699996948242,542812333.816785
253.600006103516,542812333.858107
253.5,542812333.899017
253.300003051758,542812333.940316
253.300003051758,542812333.981540
253.400009155273,542812334.022792
253.400009155273,542812334.064152
253.199996948242,542812334.105503
253.199996948242,542812334.146497
253.100006103516,542812334.187393
253.100006103516,542812334.229037
253.100006103516,542812334.270322
253.199996948242,542812334.311667
253.199996948242,542812334.352808
253.199996948242,542812334.394285
253.100006103516,542812334.435262
253.0,542812334.476709
252.900009155273,542812334.517820
252.900009155273,542812334.559137
252.900009155273,542812334.600475
252.900009155273,542812334.641779
252.699996948242,542812334.682970
252.699996948242,542812334.724291
252.699996948242,542812334.765166
252.900009155273,542812334.806555
252.900009155273,542812334.847840
253.0,542812334.888982
253.100006103516,542812334.930474
253.100006103516,542812334.971589
253.0,542812335.012572
252.800003051758,542812335.054080
252.800003051758,542812335.095108
253.0,542812335.136614
253.0,542812335.177633
253.0,542812335.219127
253.199996948242,542812335.260615
253.199996948242,542812335.301710
253.300003051758,542812335.342861
253.400009155273,542812335.383720
253.400009155273,542812335.425369
253.400009155273,542812335.466846
253.5,542812335.548964
253.600006103516,542812335.549257
253.900009155273,542812335.590518
254.100006103516,542812335.631884
254.100006103516,542812335.673018
254.600006103516,542812335.714354
254.800003051758,542812335.755638
254.800003051758,542812335.796890
255.600006103516,542812335.838051
255.800003051758,542812335.879256
256.5,542812335.920261
256.5,542812335.961918
256.300018310547,542812336.003150
256.300018310547,542812336.044359
256.300018310547,542812336.085473
256.300018310547,542812336.126906
256.100006103516,542812336.168033
255.900009155273,542812336.209101
255.900009155273,542812336.250515
256.0,542812336.291735
256.300018310547,542812336.333019
256.899993896484,542812336.374308
257.300018310547,542812336.415529
257.899993896484,542812336.456558
258.300018310547,542812336.498058
258.899993896484,542812336.539245
259.200012207031,542812336.580785
260.0,542812336.621923
260.899993896484,542812336.662924
261.5,542812336.704604
262.0,542812336.745509
263.0,542812336.786962
263.300018310547,542812336.828160
263.800018310547,542812336.869354
264.5,542812336.910737
265.200012207031,542812336.952020
265.899993896484,542812336.993161
266.399993896484,542812337.034413
266.800018310547,542812337.075690
267.0,542812337.116572
267.100006103516,542812337.158185
267.399993896484,542812337.199443
267.399993896484,542812337.240756
267.5,542812337.281940
267.600006103516,542812337.323174
267.600006103516,542812337.364360
267.600006103516,542812337.405205
267.5,542812337.446923
267.800018310547,542812337.488242
267.5,542812337.529418
267.5,542812337.570694
267.5,542812337.611667
267.399993896484,542812337.653205
267.200012207031,542812337.694485
267.200012207031,542812337.735864
267.200012207031,542812337.776958
266.800018310547,542812337.818294
266.600006103516,542812337.859450
266.300018310547,542812337.900697
266.300018310547,542812337.941964
265.600006103516,542812337.983199
265.399993896484,542812338.024489
265.399993896484,542812338.065757
264.899993896484,542812338.107023
264.399993896484,542812338.148143
264.0,542812338.189464
263.600006103516,542812338.230763
262.700012207031,542812338.272065
261.800018310547,542812338.313061
261.300018310547,542812338.354425
260.5,542812338.395676
259.700012207031,542812338.437087
258.899993896484,542812338.478219
258.100006103516,542812338.519275
257.700012207031,542812338.560724
257.0,542812338.601965
256.100006103516,542812338.643064
255.900009155273,542812338.684465
255.699996948242,542812338.767042
255.400009155273,542812338.767137
255.400009155273,542812338.808241
254.5,542812338.849311
254.300003051758,542812338.890757
253.900009155273,542812338.973239
253.900009155273,542812339.014019
254.0,542812339.014431
254.0,542812339.055824
253.699996948242,542812339.096991
253.699996948242,542812339.138216
253.5,542812339.179503
253.699996948242,542812339.220811
253.699996948242,542812339.262008
253.800003051758,542812339.303098
254.199996948242,542812339.344555
254.800003051758,542812339.385752
255.199996948242,542812339.426670
256.0,542812339.468238
256.800018310547,542812339.509506
256.800018310547,542812339.550571
257.300018310547,542812339.591988
257.399993896484,542812339.633056
257.800018310547,542812339.674323
258.200012207031,542812339.715742
258.200012207031,542812339.756688
258.399993896484,542812339.798308
258.399993896484,542812339.839209
258.200012207031,542812339.880734
258.200012207031,542812339.921857
258.0,542812339.963320
258.0,542812340.004499
257.899993896484,542812340.045753
258.0,542812340.086955
257.800018310547,542812340.127906
257.800018310547,542812340.169358
257.600006103516,542812340.210627
257.5,542812340.251782
257.600006103516,542812340.293422
257.600006103516,542812340.334580
257.600006103516,542812340.375491
257.399993896484,542812340.416856
257.300018310547,542812340.458280
257.100006103516,542812340.499733
257.100006103516,542812340.540828
257.100006103516,542812340.581780
257.100006103516,542812340.623293
257.100006103516,542812340.664684
257.0,542812340.705910
256.899993896484,542812340.747166
257.0,542812340.788380
257.100006103516,542812340.829664
257.100006103516,542812340.870765
256.899993896484,542812340.912154
256.899993896484,542812340.953575
256.800018310547,542812340.994753
256.300018310547,542812341.035989
256.200012207031,542812341.077189
256.200012207031,542812341.118499
256.100006103516,542812341.159668
256.0,542812341.200992
256.0,542812341.242170
255.900009155273,542812341.283436
255.900009155273,542812341.324673
255.699996948242,542812341.365966
255.699996948242,542812341.407175
255.699996948242,542812341.448379
255.699996948242,542812341.489664
255.600006103516,542812341.530935
255.699996948242,542812341.572240
255.600006103516,542812341.613473
255.600006103516,542812341.654547
255.600006103516,542812341.695813
255.400009155273,542812341.737209
255.5,542812341.778454
255.400009155273,542812341.819684
255.400009155273,542812341.861016
255.400009155273,542812341.902186
255.400009155273,542812341.943513
255.300003051758,542812341.984750
255.300003051758,542812342.025975
255.600006103516,542812342.067132
255.699996948242,542812342.108449
255.600006103516,542812342.149849
255.5,542812342.190968
255.400009155273,542812342.232226
255.400009155273,542812342.273466
255.400009155273,542812342.314795
255.300003051758,542812342.355797
255.300003051758,542812342.397352
255.300003051758,542812342.438517
255.199996948242,542812342.479697
255.300003051758,542812342.520773
255.300003051758,542812342.562049
255.400009155273,542812342.603507
255.5,542812342.644247
255.5,542812342.685980
255.300003051758,542812342.727214
255.300003051758,542812342.768560
255.400009155273,542812342.809275
255.400009155273,542812342.851204
255.5,542812342.892237
255.400009155273,542812342.933475
255.5,542812342.974820
255.600006103516,542812343.015474
255.699996948242,542812343.057297
255.699996948242,542812343.098461
255.699996948242,542812343.139717
255.699996948242,542812343.181097
255.900009155273,542812343.222197
255.900009155273,542812343.263498
255.800003051758,542812343.304799
255.699996948242,542812343.345991
255.699996948242,542812343.387282
255.600006103516,542812343.428541
255.600006103516,542812343.469742
255.600006103516,542812343.511121
255.400009155273,542812343.552231
255.400009155273,542812343.593318
255.5,542812343.634934
255.600006103516,542812343.675937
255.600006103516,542812343.717073
255.600006103516,542812343.758331
255.600006103516,542812343.799383
255.800003051758,542812343.841011
255.900009155273,542812343.882366
256.0,542812343.923482
256.100006103516,542812343.964600
256.100006103516,542812344.006141
256.399993896484,542812344.047334
256.5,542812344.088646
256.700012207031,542812344.129946
256.700012207031,542812344.171255
256.700012207031,542812344.212273
257.399993896484,542812344.253527
257.399993896484,542812344.294764
258.100006103516,542812344.336029
258.399993896484,542812344.377470
258.800018310547,542812344.418539
259.0,542812344.459850
259.0,542812344.501190
258.600006103516,542812344.542235
258.399993896484,542812344.583598
258.300018310547,542812344.624809
258.300018310547,542812344.666035
258.800018310547,542812344.707467
259.100006103516,542812344.748607
260.200012207031,542812344.789389
261.300018310547,542812344.830707
263.300018310547,542812344.872469
264.0,542812344.913736
265.100006103516,542812344.954988
265.800018310547,542812344.996224
267.0,542812345.037557
268.100006103516,542812345.078684
270.200012207031,542812345.119967
272.0,542812345.161164
273.399993896484,542812345.202449
274.700012207031,542812345.243692
275.399993896484,542812345.284941
276.5,542812345.326203
276.700012207031,542812345.367424
277.200012207031,542812345.408663
277.300018310547,542812345.449997
277.700012207031,542812345.491253
277.800018310547,542812345.532593
278.300018310547,542812345.573612
279.200012207031,542812345.614967
279.700012207031,542812345.656268
279.899993896484,542812345.697282
280.200012207031,542812345.738610
281.399993896484,542812345.779966
282.5,542812345.820775
282.600006103516,542812345.862462
282.600006103516,542812345.903705
282.5,542812345.945020
282.300018310547,542812345.986222
282.300018310547,542812346.027307
282.0,542812346.068718
281.899993896484,542812346.109988
281.800018310547,542812346.151281
281.800018310547,542812346.192526
281.800018310547,542812346.233725
281.600006103516,542812346.275018
281.600006103516,542812346.316202
281.300018310547,542812346.357500
281.0,542812346.398708
280.800018310547,542812346.440011
280.399993896484,542812346.481243
280.300018310547,542812346.522463
280.0,542812346.563413
280.0,542812346.605037
279.200012207031,542812346.646305
277.399993896484,542812346.687503
276.200012207031,542812346.728298
274.800018310547,542812346.769864
274.300018310547,542812346.811242
273.800018310547,542812346.852577
273.5,542812346.893735
273.300018310547,542812346.935033
272.5,542812346.976210
272.5,542812347.017278
272.5,542812347.058773
272.300018310547,542812347.099978
272.300018310547,542812347.141135
271.899993896484,542812347.182559
271.700012207031,542812347.223813
271.600006103516,542812347.265022
271.300018310547,542812347.306294
270.600006103516,542812347.347576
269.899993896484,542812347.388808
269.5,542812347.429993
268.899993896484,542812347.471349
268.700012207031,542812347.512326
267.899993896484,542812347.553731
267.600006103516,542812347.594994
267.600006103516,542812347.636067
267.700012207031,542812347.677516
267.700012207031,542812347.718807
267.700012207031,542812347.759900
267.5,542812347.801283
267.100006103516,542812347.842547
267.0,542812347.883831
267.0,542812347.925053
267.0,542812347.966478
266.899993896484,542812348.007646
266.300018310547,542812348.048768
265.700012207031,542812348.089997
265.300018310547,542812348.131092
265.0,542812348.172550
264.600006103516,542812348.213822
264.399993896484,542812348.254866
263.899993896484,542812348.296431
263.899993896484,542812348.337439
263.899993896484,542812348.378598
263.899993896484,542812348.420057
263.800018310547,542812348.461328
263.700012207031,542812348.502665
263.300018310547,542812348.543457
263.0,542812348.585017
262.800018310547,542812348.626402
262.800018310547,542812348.667375
262.800018310547,542812348.708988
262.600006103516,542812348.749878
262.300018310547,542812348.791476
262.300018310547,542812348.832549
262.300018310547,542812348.873928
262.300018310547,542812348.915195
262.0,542812348.956477
261.899993896484,542812348.997818
261.899993896484,542812349.038944
261.600006103516,542812349.080175
261.300018310547,542812349.121512
261.0,542812349.162708
260.800018310547,542812349.203969
260.5,542812349.245008
260.200012207031,542812349.286259
260.200012207031,542812349.327527
260.200012207031,542812349.369050
260.200012207031,542812349.409718
259.899993896484,542812349.451098
259.899993896484,542812349.493941
259.100006103516,542812349.533787
258.899993896484,542812349.575241
258.600006103516,542812349.616491
258.300018310547,542812349.657851
258.300018310547,542812349.698852
257.800018310547,542812349.740241
257.600006103516,542812349.781517
257.600006103516,542812349.822702
257.899993896484,542812349.863973
258.100006103516,542812349.905203
258.399993896484,542812349.946512
259.600006103516,542812349.987781
260.800018310547,542812350.029076
261.200012207031,542812350.070226
261.300018310547,542812350.111526
261.300018310547,542812350.152796
261.300018310547,542812350.193985
261.300018310547,542812350.235284
261.300018310547,542812350.276496
261.399993896484,542812350.317751
261.600006103516,542812350.358959
261.600006103516,542812350.400250
261.5,542812350.441618
261.5,542812350.482779
262.0,542812350.524047
262.100006103516,542812350.564984
262.399993896484,542812350.606570
263.200012207031,542812350.647721
264.200012207031,542812350.688830
264.800018310547,542812350.730290
265.0,542812350.771535
265.100006103516,542812350.812789
266.0,542812350.853731
266.5,542812350.895237
266.899993896484,542812350.936531
267.0,542812350.977766
267.399993896484,542812351.018790
268.100006103516,542812351.060078
268.899993896484,542812351.101558
270.100006103516,542812351.142805
270.899993896484,542812351.184045
271.5,542812351.225273
272.200012207031,542812351.266346
272.800018310547,542812351.307747
273.300018310547,542812351.349001
274.100006103516,542812351.390202
274.700012207031,542812351.431508
275.700012207031,542812351.472561
276.700012207031,542812351.513995
278.100006103516,542812351.555388
279.100006103516,542812351.596512
280.600006103516,542812351.637789
281.700012207031,542812351.679024
282.600006103516,542812351.720417
283.300018310547,542812351.761526
284.200012207031,542812351.802864
285.200012207031,542812351.843869
285.899993896484,542812351.885401
286.600006103516,542812351.926512
287.899993896484,542812351.967828
288.600006103516,542812352.009118
289.300018310547,542812352.050433
290.200012207031,542812352.091340
290.800018310547,542812352.132783
291.100006103516,542812352.174153
291.600006103516,542812352.215490
291.600006103516,542812352.256371
291.700012207031,542812352.297792
291.700012207031,542812352.339084
291.600006103516,542812352.380453
291.399993896484,542812352.421605
290.899993896484,542812352.462928
290.800018310547,542812352.504181
290.0,542812352.545398
288.700012207031,542812352.586296
287.899993896484,542812352.627902
287.399993896484,542812352.669206
286.5,542812352.710402
285.700012207031,542812352.751685
284.600006103516,542812352.793022
283.399993896484,542812352.834220
282.700012207031,542812352.875451
281.800018310547,542812352.916675
281.300018310547,542812352.957926
280.600006103516,542812352.999201
279.899993896484,542812353.039901
279.300018310547,542812353.081747
278.399993896484,542812353.122982
277.800018310547,542812353.164234
277.399993896484,542812353.205491
276.800018310547,542812353.246725
276.100006103516,542812353.287716
276.100006103516,542812353.329177
275.700012207031,542812353.370455
275.200012207031,542812353.411720
274.800018310547,542812353.452940
274.600006103516,542812353.494213
274.5,542812353.535472
273.899993896484,542812353.617997
273.600006103516,542812353.618087
273.200012207031,542812353.659195
272.800018310547,542812353.700301
272.700012207031,542812353.741556
272.300018310547,542812353.906460
272.0,542812353.906647
271.899993896484,542812353.906963
271.700012207031,542812353.907484
271.600006103516,542812353.947775
271.5,542812353.989250
271.5,542812354.030371
271.5,542812354.071523
271.300018310547,542812354.112828
271.200012207031,542812354.154053
271.100006103516,542812354.195308
271.100006103516,542812354.236339
271.100006103516,542812354.277974
270.800018310547,542812354.319020
270.800018310547,542812354.360307
270.5,542812354.401525
270.200012207031,542812354.442991
270.100006103516,542812354.484153
269.800018310547,542812354.525091
269.800018310547,542812354.566494
269.800018310547,542812354.607511
269.800018310547,542812354.649195
269.800018310547,542812354.690346
269.800018310547,542812354.731568
269.5,542812354.772837
269.5,542812354.814147
269.5,542812354.855522
269.5,542812354.896548
269.399993896484,542812354.937832
269.399993896484,542812354.979317
269.399993896484,542812355.020295
269.899993896484,542812355.061576
270.700012207031,542812355.102989
271.800018310547,542812355.144265
272.800018310547,542812355.185516
274.0,542812355.226775
275.100006103516,542812355.267810
275.700012207031,542812355.309218
275.700012207031,542812355.350502
276.200012207031,542812355.391781
276.700012207031,542812355.433117
277.700012207031,542812355.474249
278.600006103516,542812355.515595
279.899993896484,542812355.556827
281.300018310547,542812355.598090
281.899993896484,542812355.639319
281.899993896484,542812355.680505
281.800018310547,542812355.721801
281.399993896484,542812355.762701
281.300018310547,542812355.804546
281.100006103516,542812355.845522
281.100006103516,542812355.886761
281.100006103516,542812355.928015
280.899993896484,542812355.969264
280.800018310547,542812356.010455
280.600006103516,542812356.051847
280.399993896484,542812356.093003
280.600006103516,542812356.134487
280.399993896484,542812356.175391
280.600006103516,542812356.216838
280.5,542812356.258080
280.700012207031,542812356.382044
280.899993896484,542812356.382176
280.899993896484,542812356.382364
280.800018310547,542812356.422863
280.700012207031,542812356.464317
280.300018310547,542812356.505525
280.399993896484,542812356.546770
280.300018310547,542812356.588211
280.200012207031,542812356.628785
280.200012207031,542812356.670564
280.200012207031,542812356.711929
280.200012207031,542812356.752834
280.0,542812356.794242
279.899993896484,542812356.835559
279.800018310547,542812356.876761
279.600006103516,542812356.918226
279.5,542812356.959495
279.399993896484,542812357.000803
279.399993896484,542812357.041937
279.399993896484,542812357.083205
279.399993896484,542812357.124464
279.200012207031,542812357.165705
278.899993896484,542812357.206844
278.5,542812357.248203
278.200012207031,542812357.289494
277.700012207031,542812357.330707
277.300018310547,542812357.371797
276.5,542812357.413043
275.399993896484,542812357.454503
274.800018310547,542812357.495723
274.5,542812357.536923
273.800018310547,542812357.578246
273.399993896484,542812357.619448
273.0,542812357.660370
272.300018310547,542812357.701984
271.800018310547,542812357.743229
271.399993896484,542812357.784468
270.600006103516,542812357.825706
270.0,542812357.908097
269.5,542812357.948880
269.100006103516,542812357.949311
268.5,542812357.990738
267.700012207031,542812358.032044
267.600006103516,542812358.073219
267.300018310547,542812358.114492
266.600006103516,542812358.155767
266.399993896484,542812358.196831
265.700012207031,542812358.238223
265.200012207031,542812358.279473
264.600006103516,542812358.320702
263.700012207031,542812358.361863
263.300018310547,542812358.402949
262.800018310547,542812358.444519
262.800018310547,542812358.485717
263.0,542812358.526943
263.0,542812358.568544
262.600006103516,542812358.609531
262.600006103516,542812358.650241
262.300018310547,542812358.692063
262.0,542812358.733222
261.700012207031,542812358.774656
261.700012207031,542812358.815774
261.5,542812358.857031
261.300018310547,542812358.897890
261.200012207031,542812358.939343
260.800018310547,542812358.980568
260.600006103516,542812359.021976
260.399993896484,542812359.063175
260.100006103516,542812359.104626
260.0,542812359.145845
259.800018310547,542812359.186854
259.700012207031,542812359.228250
259.5,542812359.269508
259.399993896484,542812359.310732
259.399993896484,542812359.352004
259.399993896484,542812359.393303
259.399993896484,542812359.434547
259.399993896484,542812359.475809
259.399993896484,542812359.516522
259.399993896484,542812359.558274
259.399993896484,542812359.599622
259.600006103516,542812359.640775
259.600006103516,542812359.682065
259.700012207031,542812359.723269
259.800018310547,542812359.764645
259.800018310547,542812359.805761
259.5,542812359.847054
259.5,542812359.888235
259.100006103516,542812359.929457
259.100006103516,542812359.970832
259.100006103516,542812360.011551
258.800018310547,542812360.053305
258.800018310547,542812360.094617
258.700012207031,542812360.135604
258.700012207031,542812360.177027
258.700012207031,542812360.218270
258.600006103516,542812360.259709
258.399993896484,542812360.300850
258.399993896484,542812360.342060
258.600006103516,542812360.383540
258.700012207031,542812360.424696
258.800018310547,542812360.465782
259.0,542812360.506595
259.100006103516,542812360.548313
259.100006103516,542812360.589215
259.100006103516,542812360.630949
259.200012207031,542812360.671807
259.200012207031,542812360.713491
259.200012207031,542812360.754717
259.100006103516,542812360.795680
259.100006103516,542812360.837232
259.100006103516,542812360.878518
259.100006103516,542812360.919667
259.700012207031,542812360.960953
260.200012207031,542812361.002223
260.700012207031,542812361.043550
261.700012207031,542812361.084701
261.899993896484,542812361.125490
262.899993896484,542812361.167224
263.800018310547,542812361.208496
264.5,542812361.249700
265.100006103516,542812361.290946
266.200012207031,542812361.332111
266.399993896484,542812361.373281
266.700012207031,542812361.414607
266.800018310547,542812361.455941
266.700012207031,542812361.497241
266.700012207031,542812361.538473
266.700012207031,542812361.579665
266.700012207031,542812361.620952
266.700012207031,542812361.662184
266.600006103516,542812361.703445
266.5,542812361.744700
266.399993896484,542812361.786016
266.200012207031,542812361.826845
265.899993896484,542812361.868392
265.600006103516,542812361.909635
265.399993896484,542812361.951010
265.399993896484,542812361.992325
265.399993896484,542812362.033475
265.5,542812362.115831
265.399993896484,542812362.115935
265.5,542812362.157128
265.399993896484,542812362.198433
265.200012207031,542812362.239764
265.100006103516,542812362.322161
265.100006103516,542812362.322278
265.100006103516,542812362.363570
265.200012207031,542812362.404867
265.200012207031,542812362.445987
265.0,542812362.528479
265.0,542812362.528573
264.700012207031,542812362.569791
264.700012207031,542812362.610582
264.600006103516,542812362.652047
264.5,542812362.693492
264.5,542812362.734685
264.700012207031,542812362.775967
264.700012207031,542812362.817137
264.700012207031,542812362.858510
264.600006103516,542812362.982102
264.600006103516,542812362.982194
264.300018310547,542812362.982641
264.300018310547,542812363.023196
264.300018310547,542812363.064788
264.399993896484,542812363.105993
264.399993896484,542812363.147116
264.399993896484,542812363.188174
264.100006103516,542812363.229609
264.100006103516,542812363.270815
264.100006103516,542812363.311843
264.0,542812363.353531
264.100006103516,542812363.394631
264.100006103516,542812363.435919
264.300018310547,542812363.477239
264.300018310547,542812363.518483
264.300018310547,542812363.559796
264.300018310547,542812363.601023
264.399993896484,542812363.642157
264.399993896484,542812363.683515
264.399993896484,542812363.724236
264.399993896484,542812363.765999
264.399993896484,542812363.807269
264.200012207031,542812363.848329
264.200012207031,542812363.889880
264.399993896484,542812363.930848
264.399993896484,542812363.972258
264.399993896484,542812364.013042
264.800018310547,542812364.054767
264.800018310547,542812364.096096
265.0,542812364.137266
265.399993896484,542812364.178709
265.5,542812364.219840
265.5,542812364.261085
265.700012207031,542812364.302263
266.100006103516,542812364.343521
266.200012207031,542812364.384823
266.300018310547,542812364.426038
266.300018310547,542812364.467232
266.5,542812364.508547
266.5,542812364.549802
266.5,542812364.591164
266.800018310547,542812364.632297
266.800018310547,542812364.673686
266.800018310547,542812364.714948
266.899993896484,542812364.756403
266.899993896484,542812364.797336
266.800018310547,542812364.838729
266.800018310547,542812364.879980
266.700012207031,542812364.921145
266.600006103516,542812364.962559
266.600006103516,542812365.003656
266.600006103516,542812365.044458
266.600006103516,542812365.086211
266.300018310547,542812365.127357
266.100006103516,542812365.168723
266.0,542812365.251144
265.899993896484,542812365.251262
265.800018310547,542812365.292440
265.800018310547,542812365.333682
265.700012207031,542812365.374979
265.5,542812365.415994
265.5,542812365.457239
265.399993896484,542812365.498504
265.399993896484,542812365.539757
265.100006103516,542812365.581193
265.0,542812365.622004
265.0,542812365.663742
265.0,542812365.704781
265.0,542812365.745674
264.899993896484,542812365.787283
264.800018310547,542812365.828592
264.700012207031,542812365.869784
264.5,542812365.910742
264.5,542812365.952441
264.399993896484,542812365.993593
264.200012207031,542812366.034802
264.100006103516,542812366.076016
264.100006103516,542812366.117288
264.100006103516,542812366.158734
264.100006103516,542812366.199849
263.899993896484,542812366.241079
263.899993896484,542812366.282217
263.899993896484,542812366.323279
263.800018310547,542812366.364566
263.899993896484,542812366.406052
263.899993896484,542812366.447463
263.899993896484,542812366.488687
264.0,542812366.529992
264.300018310547,542812366.571045
264.399993896484,542812366.612311
264.899993896484,542812366.653738
264.899993896484,542812366.695064
265.0,542812366.736234
265.100006103516,542812366.777541
265.300018310547,542812366.818935
265.300018310547,542812366.859967
266.100006103516,542812366.901242
266.600006103516,542812366.942490
267.100006103516,542812366.983738
267.200012207031,542812367.025021
267.200012207031,542812367.066234
267.200012207031,542812367.107499
266.700012207031,542812367.148769
266.0,542812367.189988
264.899993896484,542812367.231232
264.100006103516,542812367.272627
263.200012207031,542812367.313938
261.700012207031,542812367.354981
260.700012207031,542812367.396267
259.700012207031,542812367.437480
258.5,542812367.478908
257.5,542812367.520001
256.700012207031,542812367.561134
256.5,542812367.602515
255.300003051758,542812367.643834
255.300003051758,542812367.684627
254.199996948242,542812367.726229
253.699996948242,542812367.808793
252.900009155273,542812367.808884
251.800003051758,542812367.850158
250.900009155273,542812367.891259
250.400009155273,542812367.932580
250.300003051758,542812367.973886
250.300003051758,542812368.014495
250.199996948242,542812368.056281
250.100006103516,542812368.097795
249.900009155273,542812368.138906
249.400009155273,542812368.180030
248.0,542812368.221258
247.5,542812368.262530
246.699996948242,542812368.304025
246.400009155273,542812368.345142
246.100006103516,542812368.386455
245.600006103516,542812368.427441
245.300003051758,542812368.468830
244.900009155273,542812368.510185
244.600006103516,542812368.551425
244.0,542812368.592588
243.800003051758,542812368.633727
243.5,542812368.675121
243.199996948242,542812368.715961
243.0,542812368.757688
242.900009155273,542812368.798880
243.0,542812368.840078
243.300003051758,542812368.881424
243.5,542812368.922647
243.900009155273,542812368.963835
244.300003051758,542812369.005182
244.5,542812369.046337
244.300003051758,542812369.087678
244.100006103516,542812369.128910
244.0,542812369.170096
244.0,542812369.211339
244.0,542812369.252724
243.800003051758,542812369.293979
243.699996948242,542812369.334980
243.699996948242,542812369.376450
243.600006103516,542812369.417718
243.600006103516,542812369.458922
243.600006103516,542812369.500251
243.600006103516,542812369.541478
243.800003051758,542812369.582516
243.900009155273,542812369.623763
244.300003051758,542812369.665079
244.300003051758,542812369.706464
244.300003051758,542812369.747718
244.400009155273,542812369.788484
244.400009155273,542812369.830160
244.400009155273,542812369.871472
244.5,542812369.912676
244.5,542812369.953953
244.199996948242,542812369.995010
244.100006103516,542812370.040508
244.199996948242,542812370.077672
244.100006103516,542812370.118970
244.100006103516,542812370.160274
244.100006103516,542812370.201466
244.699996948242,542812370.242794
245.0,542812370.283794
245.5,542812370.325212
245.800003051758,542812370.366491
246.199996948242,542812370.407748
246.600006103516,542812370.448972
247.100006103516,542812370.490233
247.300003051758,542812370.531459
247.600006103516,542812370.572663
247.900009155273,542812370.614129
248.0,542812370.655074
248.100006103516,542812370.696182
249.0,542812370.737716
249.600006103516,542812370.779108
251.300003051758,542812370.820224
252.100006103516,542812370.861519
252.800003051758,542812371.026649
253.5,542812371.026764
254.0,542812371.026843
254.800003051758,542812371.027432
255.600006103516,542812371.067750
255.699996948242,542812371.109000
256.899993896484,542812371.150265
257.700012207031,542812371.191476
258.0,542812371.232780
258.0,542812371.274002
258.600006103516,542812371.315279
258.899993896484,542812371.356090
259.600006103516,542812371.397730
260.700012207031,542812371.438818
261.0,542812371.480270
261.700012207031,542812371.521551
262.600006103516,542812371.562756
263.5,542812371.604110
263.700012207031,542812371.645267
264.0,542812371.686490
264.0,542812371.727745
263.700012207031,542812371.768521
263.200012207031,542812371.809707
262.600006103516,542812371.851505
262.300018310547,542812371.892846
261.800018310547,542812371.933854
261.5,542812371.975432
261.399993896484,542812372.015982
261.399993896484,542812372.057859
261.300018310547,542812372.098815
261.300018310547,542812372.140075
261.200012207031,542812372.181333
261.0,542812372.222547
261.0,542812372.264032
260.700012207031,542812372.305399
260.700012207031,542812372.346383
260.700012207031,542812372.387842
261.0,542812372.429007
261.100006103516,542812372.470337
261.100006103516,542812372.511856
261.100006103516,542812372.552770
261.100006103516,542812372.594151
261.100006103516,542812372.635288
261.200012207031,542812372.676502
261.200012207031,542812372.717898
261.200012207031,542812372.759180
261.200012207031,542812372.800528
261.200012207031,542812372.841649
261.0,542812372.882899
260.800018310547,542812372.924211
260.600006103516,542812372.965375
260.5,542812373.006503
260.5,542812373.047550
260.300018310547,542812373.088633
260.200012207031,542812373.130448
260.200012207031,542812373.171718
260.200012207031,542812373.212901
260.100006103516,542812373.254201
260.0,542812373.295431
259.899993896484,542812373.336686
259.899993896484,542812373.377912
259.899993896484,542812373.419176
260.0,542812373.460431
260.0,542812373.501711
259.899993896484,542812373.542958
259.899993896484,542812373.583997
259.899993896484,542812373.666119
259.899993896484,542812373.666491
259.700012207031,542812373.708071
259.600006103516,542812373.749220
259.600006103516,542812373.790500
259.700012207031,542812373.831168
259.700012207031,542812373.872944
259.700012207031,542812373.914175
259.700012207031,542812373.955504
259.700012207031,542812373.996687
260.0,542812374.037798
260.0,542812374.079203
260.0,542812374.120489
259.800018310547,542812374.161699
259.800018310547,542812374.202974
259.899993896484,542812374.244106
259.899993896484,542812374.285272
259.899993896484,542812374.326800
259.800018310547,542812374.367853
259.800018310547,542812374.409242
259.899993896484,542812374.450315
259.899993896484,542812374.491799
259.899993896484,542812374.532936
259.899993896484,542812374.574172
259.899993896484,542812374.615497
259.899993896484,542812374.656845
259.899993896484,542812374.698177
259.800018310547,542812374.739221
259.600006103516,542812374.780152
259.600006103516,542812374.821722
259.600006103516,542812374.863085
259.600006103516,542812374.904225
259.700012207031,542812374.945441
259.700012207031,542812374.986660
259.800018310547,542812375.028004
259.700012207031,542812375.069100
259.800018310547,542812375.110499
259.700012207031,542812375.151670
259.600006103516,542812375.316866
259.600006103516,542812375.316998
259.5,542812375.317103
259.800018310547,542812375.317703
259.5,542812375.358261
259.600006103516,542812375.399227
259.5,542812375.440507
259.600006103516,542812375.481577
259.600006103516,542812375.523077
259.700012207031,542812375.564196
259.700012207031,542812375.605578
259.700012207031,542812375.646393
259.700012207031,542812375.687620
259.700012207031,542812375.729063
259.5,542812375.770484
259.600006103516,542812375.811591
259.600006103516,542812375.852662
259.600006103516,542812375.894296
259.600006103516,542812375.935313
259.600006103516,542812375.976578
259.700012207031,542812376.017634
259.700012207031,542812376.059290
259.700012207031,542812376.100635
259.700012207031,542812376.141836
259.5,542812376.183154
259.5,542812376.224306
259.5,542812376.265592
259.5,542812376.306806
259.5,542812376.348148
259.5,542812376.389087
259.5,542812376.430567
259.399993896484,542812376.471881
259.5,542812376.513181
259.5,542812376.554427
259.5,542812376.595330
259.5,542812376.636771
259.5,542812376.678138
259.5,542812376.719501
259.5,542812376.760401
259.5,542812376.801718
259.5,542812376.843151
259.5,542812376.884539
259.399993896484,542812376.925670
259.399993896484,542812376.966761
259.399993896484,542812377.007984
259.5,542812377.049480
259.399993896484,542812377.090386
259.399993896484,542812377.131759
259.399993896484,542812377.172955
259.399993896484,542812377.214217
259.399993896484,542812377.255742
259.399993896484,542812377.296947
259.399993896484,542812377.338196
259.5,542812377.379373
259.5,542812377.420350
259.5,542812377.461743
259.5,542812377.503011
259.399993896484,542812377.544243
259.399993896484,542812377.585228
259.399993896484,542812377.626930
259.5,542812377.668156
259.399993896484,542812377.709226
259.399993896484,542812377.750486
259.399993896484,542812377.791731
259.399993896484,542812377.832970
259.300018310547,542812377.874264
259.300018310547,542812377.915741
259.300018310547,542812377.956520
259.399993896484,542812377.998018
259.399993896484,542812378.039265
259.399993896484,542812378.080690
259.399993896484,542812378.121946
259.300018310547,542812378.163371
259.300018310547,542812378.204649
259.300018310547,542812378.245525
259.300018310547,542812378.286781
259.200012207031,542812378.328010
259.100006103516,542812378.369301
259.100006103516,542812378.410503
259.600006103516,542812378.452124
259.800018310547,542812378.493193
260.399993896484,542812378.534478
261.300018310547,542812378.575785
261.700012207031,542812378.616966
262.100006103516,542812378.740906
263.100006103516,542812378.741030
263.100006103516,542812378.741149
263.100006103516,542812378.781942
262.800018310547,542812378.823343
262.700012207031,542812378.864450
262.5,542812378.905692
261.600006103516,542812378.946775
260.700012207031,542812378.988197
260.200012207031,542812379.029474
259.700012207031,542812379.070620
259.300018310547,542812379.112101
259.0,542812379.153058
258.5,542812379.194472
258.0,542812379.235741
257.200012207031,542812379.276998
256.0,542812379.318226
254.199996948242,542812379.359463
252.800003051758,542812379.400719
250.699996948242,542812379.441874
248.800003051758,542812379.482909
247.100006103516,542812379.524903
245.100006103516,542812379.565703
243.900009155273,542812379.606494
242.600006103516,542812379.648238
241.699996948242,542812379.689600
240.800003051758,542812379.730742
240.400009155273,542812379.772009
240.100006103516,542812379.813294
239.800003051758,542812379.854421
239.600006103516,542812379.895833
239.300003051758,542812379.936994
239.0,542812379.978255
238.900009155273,542812380.018998
238.400009155273,542812380.060766
238.199996948242,542812380.102134
238.199996948242,542812380.143255
238.199996948242,542812380.184331
238.100006103516,542812380.225799
238.199996948242,542812380.266943
238.199996948242,542812380.308278
238.600006103516,542812380.349765
238.600006103516,542812380.390884
238.5,542812380.432012
238.5,542812380.473123
238.600006103516,542812380.514522
238.600006103516,542812380.555861
238.199996948242,542812380.597122
238.100006103516,542812380.638256
237.900009155273,542812380.679651
237.699996948242,542812380.720480
237.600006103516,542812380.761851
237.100006103516,542812380.803437
236.699996948242,542812380.844702
236.699996948242,542812380.885903
236.699996948242,542812380.926950
236.699996948242,542812380.968311
237.0,542812381.009738
237.100006103516,542812381.050959
237.100006103516,542812381.092064
236.699996948242,542812381.133459
236.600006103516,542812381.174654
236.199996948242,542812381.215929
236.0,542812381.257173
236.0,542812381.298462
235.699996948242,542812381.339676
235.400009155273,542812381.380948
235.300003051758,542812381.422225
235.300003051758,542812381.463426
235.400009155273,542812381.504796
235.400009155273,542812381.545923
235.900009155273,542812381.587212
236.800003051758,542812381.628445
237.600006103516,542812381.669568
238.0,542812381.710970
238.300003051758,542812381.752178
238.400009155273,542812381.793341
238.400009155273,542812381.834701
238.400009155273,542812381.875995
239.100006103516,542812381.917201
239.300003051758,542812381.958269
239.300003051758,542812381.999748
239.199996948242,542812382.041087
239.0,542812382.082186
239.0,542812382.123436
238.800003051758,542812382.164684
238.699996948242,542812382.205936
238.400009155273,542812382.247175
237.900009155273,542812382.288341
237.800003051758,542812382.329714
237.100006103516,542812382.370842
237.0,542812382.412039
236.600006103516,542812382.453448
236.300003051758,542812382.494737
236.300003051758,542812382.535959
236.900009155273,542812382.577035
237.199996948242,542812382.618488
237.199996948242,542812382.659742
237.0,542812382.701094
237.0,542812382.742214
237.300003051758,542812382.783448
238.0,542812382.824664
239.199996948242,542812382.865963
240.300003051758,542812382.907182
241.600006103516,542812382.948225
241.800003051758,542812382.989554
242.699996948242,542812383.030998
244.0,542812383.072056
245.0,542812383.113587
245.800003051758,542812383.154774
246.699996948242,542812383.195967
247.400009155273,542812383.237232
248.800003051758,542812383.278530
249.800003051758,542812383.319714
250.5,542812383.360992
251.5,542812383.402375
252.5,542812383.443439
253.5,542812383.484700
254.600006103516,542812383.525524
255.5,542812383.567112
255.5,542812383.608573
255.400009155273,542812383.649865
255.0,542812383.690981
254.900009155273,542812383.732202
254.300003051758,542812383.773363
253.900009155273,542812383.814732
253.900009155273,542812383.855990
253.800003051758,542812383.897383
253.900009155273,542812383.938446
254.300003051758,542812383.979672
254.800003051758,542812384.020821
255.699996948242,542812384.062397
256.800018310547,542812384.103476
258.0,542812384.144786
259.200012207031,542812384.186035
260.200012207031,542812384.227373
261.600006103516,542812384.268495
262.700012207031,542812384.309782
263.300018310547,542812384.351044
263.300018310547,542812384.392362
263.100006103516,542812384.433534
263.100006103516,542812384.474761
262.700012207031,542812384.516037
262.300018310547,542812384.557395
262.300018310547,542812384.598739
262.0,542812384.639792
262.0,542812384.681066
261.899993896484,542812384.722367
261.200012207031,542812384.763395
261.0,542812384.804719
260.700012207031,542812384.845895
260.600006103516,542812384.928597
260.5,542812384.928692
260.5,542812384.969750
260.200012207031,542812385.010925
260.100006103516,542812385.052447
260.100006103516,542812385.093684
260.600006103516,542812385.134918
260.700012207031,542812385.176153
260.600006103516,542812385.217302
260.5,542812385.258585
260.5,542812385.299858
260.200012207031,542812385.341171
260.200012207031,542812385.382448
260.200012207031,542812385.423531
260.200012207031,542812385.464912
259.899993896484,542812385.506215
259.899993896484,542812385.547432
259.899993896484,542812385.588640
259.899993896484,542812385.629735
259.800018310547,542812385.671275
259.899993896484,542812385.712469
259.899993896484,542812385.753715
259.899993896484,542812385.794962
259.800018310547,542812385.877523
259.700012207031,542812385.877621
259.700012207031,542812385.918631
259.5,542812385.959970
259.5,542812386.001008
259.700012207031,542812386.042474
259.700012207031,542812386.083687
259.5,542812386.124439
259.5,542812386.165780
259.5,542812386.289716
259.700012207031,542812386.289822
259.700012207031,542812386.290257
259.700012207031,542812386.331235
259.5,542812386.372278
259.300018310547,542812386.413601
259.5,542812386.454796
259.5,542812386.496017
259.5,542812386.537436
259.5,542812386.578788
259.5,542812386.620043
259.5,542812386.661211
259.5,542812386.702476
259.5,542812386.743507
259.5,542812386.784944
259.5,542812386.826233
259.399993896484,542812386.867464
259.399993896484,542812386.908704
259.399993896484,542812386.950123
259.399993896484,542812386.990749
259.399993896484,542812387.032454
259.399993896484,542812387.073690
259.200012207031,542812387.114993
259.200012207031,542812387.156211
259.300018310547,542812387.197327
259.300018310547,542812387.238663
259.300018310547,542812387.279963
259.300018310547,542812387.321205
259.300018310547,542812387.362458
259.300018310547,542812387.403679
259.200012207031,542812387.444641
259.200012207031,542812387.486311
259.300018310547,542812387.527477
259.399993896484,542812387.568719
259.399993896484,542812387.609976
259.5,542812387.651237
259.5,542812387.692500
259.5,542812387.733749
259.5,542812387.774923
259.5,542812387.816057
259.300018310547,542812387.857429
259.200012207031,542812387.898674
259.0,542812387.939968
259.0,542812387.980890
259.300018310547,542812388.022698
259.300018310547,542812388.063305
259.300018310547,542812388.104672
259.300018310547,542812388.145704
259.399993896484,542812388.187577
259.399993896484,542812388.228563
259.300018310547,542812388.269965
259.200012207031,542812388.311201
259.100006103516,542812388.352038
259.100006103516,542812388.393556
259.100006103516,542812388.434516
259.100006103516,542812388.476340
259.100006103516,542812388.517469
259.0,542812388.558709
259.0,542812388.599849
258.899993896484,542812388.641380
258.800018310547,542812388.764939
258.800018310547,542812388.765032
258.800018310547,542812388.765481
258.399993896484,542812388.806356
258.200012207031,542812388.847674
258.200012207031,542812388.888663
258.200012207031,542812388.930209
258.200012207031,542812388.971161
